index,seed,family,n,m,delta,Delta,high_degree,gamma,furones_size,furones_valid,ratio,tau,rho_n,within_rho,optimal
0,12345,complete,12,66,11,11,True,1,1,True,1.0,1.0,4.0,True,True
1,12346,cocktail_party,12,60,10,10,True,2,2,True,1.0,1.8333,4.0,True,True
2,12347,circulant,13,26,4,4,True,3,3,True,1.0,1.1538,4.0,True,True
3,12348,random_regular,8,12,3,3,True,3,3,True,1.0,1.5,4.0,True,True
4,12349,erdos_renyi,8,14,2,6,True,2,2,True,1.0,1.75,4.0,True,True
5,12350,hypercube,8,14,3,5,True,2,2,True,1.0,1.5,4.0,True,True
6,12351,paley,13,39,6,6,True,3,3,True,1.0,1.6154,4.0,True,True
7,12352,complete,11,55,10,10,True,1,1,True,1.0,1.0,4.0,True,True
8,12353,cocktail_party,10,40,8,8,True,2,2,True,1.0,1.8,4.0,True,True
9,12354,circulant,10,40,8,8,True,2,2,True,1.0,1.8,4.0,True,True
10,12355,random_regular,13,26,4,4,True,3,3,True,1.0,1.1538,4.0,True,True
11,12356,erdos_renyi,11,30,4,9,True,2,2,True,1.0,1.8182,4.0,True,True
12,12357,hypercube,8,12,3,3,True,2,2,True,1.0,1.0,4.0,True,True
13,12358,paley,13,39,6,6,True,3,3,True,1.0,1.6154,4.0,True,True
14,12359,complete,10,45,9,9,True,1,1,True,1.0,1.0,4.0,True,True
15,12360,cocktail_party,8,24,6,6,True,2,2,True,1.0,1.75,4.0,True,True
16,12361,circulant,13,52,8,8,True,2,2,True,1.0,1.3846,4.0,True,True
17,12362,random_regular,13,39,6,6,True,2,2,True,1.0,1.0769,4.0,True,True
18,12363,erdos_renyi,14,41,3,9,True,2,2,True,1.0,1.4286,4.0,True,True
19,12364,hypercube,8,12,3,3,True,2,2,True,1.0,1.0,4.0,True,True
20,12365,paley,13,39,6,6,True,3,3,True,1.0,1.6154,4.0,True,True
21,12366,complete,10,45,9,9,True,1,1,True,1.0,1.0,4.0,True,True
22,12367,cocktail_party,6,12,4,4,True,2,2,True,1.0,1.6667,4.0,True,True
23,12368,circulant,16,64,8,8,True,2,2,True,1.0,1.125,4.0,True,True
24,12369,random_regular,13,26,4,4,True,3,3,True,1.0,1.1538,4.0,True,True
25,12370,erdos_renyi,12,34,3,7,True,2,2,True,1.0,1.3333,4.0,True,True
26,12371,hypercube,16,35,4,6,True,4,4,True,1.0,1.75,4.0,True,True
27,12372,paley,13,39,6,6,True,3,3,True,1.0,1.6154,4.0,True,True
28,12373,complete,9,36,8,8,True,1,1,True,1.0,1.0,4.0,True,True
29,12374,cocktail_party,16,112,14,14,True,2,2,True,1.0,1.875,4.0,True,True
30,12375,circulant,11,44,8,8,True,2,2,True,1.0,1.6364,4.0,True,True
31,12376,random_regular,10,20,4,4,True,3,3,True,1.0,1.5,4.0,True,True
32,12377,erdos_renyi,9,25,4,7,True,2,2,True,1.0,1.7778,4.0,True,True
33,12378,hypercube,8,14,3,5,True,2,2,True,1.0,1.5,4.0,True,True
34,12379,paley,5,6,2,3,True,2,2,True,1.0,1.6,4.0,True,True
35,12380,complete,11,55,10,10,True,1,1,True,1.0,1.0,4.0,True,True
36,12381,cocktail_party,14,84,12,12,True,2,2,True,1.0,1.8571,4.0,True,True
37,12382,circulant,15,45,6,6,True,3,3,True,1.0,1.4,4.0,True,True
38,12383,random_regular,14,42,6,6,True,3,3,True,1.0,1.5,4.0,True,True
39,12384,erdos_renyi,8,26,5,7,True,1,1,True,1.0,1.0,4.0,True,True
40,12385,hypercube,16,32,4,4,True,4,4,True,1.0,1.25,4.0,True,True
41,12386,paley,5,6,2,3,True,2,2,True,1.0,1.6,4.0,True,True
42,12387,complete,15,105,14,14,True,1,1,True,1.0,1.0,4.0,True,True
43,12388,cocktail_party,14,84,12,12,True,2,2,True,1.0,1.8571,4.0,True,True
44,12389,circulant,11,55,10,10,True,1,1,True,1.0,1.0,4.0,True,True
45,12390,random_regular,8,16,4,4,True,2,2,True,1.0,1.25,4.0,True,True
46,12391,erdos_renyi,13,45,4,10,True,2,2,True,1.0,1.6923,4.0,True,True
47,12392,hypercube,8,15,3,5,True,2,2,True,1.0,1.5,4.0,True,True
48,12393,paley,13,39,6,6,True,3,3,True,1.0,1.6154,4.0,True,True
49,12394,complete,10,45,9,9,True,1,1,True,1.0,1.0,4.0,True,True
50,12395,cocktail_party,14,84,12,12,True,2,2,True,1.0,1.8571,4.0,True,True
51,12396,circulant,13,52,8,8,True,2,2,True,1.0,1.3846,4.0,True,True
52,12397,random_regular,13,26,4,4,True,3,3,True,1.0,1.1538,4.0,True,True
53,12398,erdos_renyi,9,28,5,8,True,1,1,True,1.0,1.0,4.0,True,True
54,12399,hypercube,16,32,4,4,True,4,4,True,1.0,1.25,4.0,True,True
55,12400,paley,13,39,6,6,True,3,3,True,1.0,1.6154,4.0,True,True
56,12401,complete,10,45,9,9,True,1,1,True,1.0,1.0,4.0,True,True
57,12402,cocktail_party,6,12,4,4,True,2,2,True,1.0,1.6667,4.0,True,True
58,12403,circulant,10,45,9,9,True,1,1,True,1.0,1.0,4.0,True,True
59,12404,random_regular,11,22,4,4,True,3,3,True,1.0,1.3636,4.0,True,True
60,12405,erdos_renyi,8,21,4,7,True,1,1,True,1.0,1.0,4.0,True,True
61,12406,hypercube,8,12,3,3,True,2,2,True,1.0,1.0,4.0,True,True
62,12407,paley,5,5,2,2,True,2,2,True,1.0,1.2,4.0,True,True
63,12408,complete,7,21,6,6,True,1,1,True,1.0,1.0,4.0,True,True
64,12409,cocktail_party,10,40,8,8,True,2,2,True,1.0,1.8,4.0,True,True
65,12410,circulant,10,30,6,6,True,2,2,True,1.0,1.4,4.0,True,True
66,12411,random_regular,14,49,7,7,True,2,2,True,1.0,1.1429,4.0,True,True
67,12412,erdos_renyi,11,39,5,10,True,1,1,True,1.0,1.0,4.0,True,True
68,12413,hypercube,8,13,3,4,True,2,2,True,1.0,1.25,4.0,True,True
69,12414,paley,5,6,2,3,True,2,2,True,1.0,1.6,4.0,True,True
70,12415,complete,10,45,9,9,True,1,1,True,1.0,1.0,4.0,True,True
71,12416,cocktail_party,6,12,4,4,True,2,2,True,1.0,1.6667,4.0,True,True
72,12417,circulant,11,44,8,8,True,2,2,True,1.0,1.6364,4.0,True,True
73,12418,random_regular,12,24,4,4,True,3,3,True,1.0,1.25,4.0,True,True
74,12419,erdos_renyi,13,60,7,11,True,2,2,True,1.0,1.8462,4.0,True,True
75,12420,hypercube,8,12,3,3,True,2,2,True,1.0,1.0,4.0,True,True
76,12421,paley,5,5,2,2,True,2,2,True,1.0,1.2,4.0,True,True
77,12422,complete,14,91,13,13,True,1,1,True,1.0,1.0,4.0,True,True
78,12423,cocktail_party,8,24,6,6,True,2,2,True,1.0,1.75,4.0,True,True
79,12424,circulant,10,40,8,8,True,2,2,True,1.0,1.8,4.0,True,True
80,12425,random_regular,11,22,4,4,True,3,3,True,1.0,1.3636,4.0,True,True
81,12426,erdos_renyi,14,51,5,10,True,2,2,True,1.0,1.5714,4.0,True,True
82,12427,hypercube,8,14,3,4,True,2,2,True,1.0,1.25,4.0,True,True
83,12428,paley,5,5,2,2,True,2,2,True,1.0,1.2,4.0,True,True
84,12429,complete,16,120,15,15,True,1,1,True,1.0,1.0,4.0,True,True
85,12430,cocktail_party,8,24,6,6,True,2,2,True,1.0,1.75,4.0,True,True
86,12431,circulant,9,36,8,8,True,1,1,True,1.0,1.0,4.0,True,True
87,12432,random_regular,11,22,4,4,True,3,3,True,1.0,1.3636,4.0,True,True
88,12433,erdos_renyi,10,18,2,6,True,2,2,True,1.0,1.4,4.0,True,True
89,12434,hypercube,16,33,4,5,True,4,4,True,1.0,1.5,4.0,True,True
90,12435,paley,5,6,2,3,True,2,2,True,1.0,1.6,4.0,True,True
91,12436,complete,15,105,14,14,True,1,1,True,1.0,1.0,4.0,True,True
92,12437,cocktail_party,12,60,10,10,True,2,2,True,1.0,1.8333,4.0,True,True
93,12438,circulant,10,20,4,4,True,2,2,True,1.0,1.0,4.0,True,True
94,12439,random_regular,16,32,4,4,True,4,4,True,1.0,1.25,4.0,True,True
95,12440,erdos_renyi,9,23,2,8,True,1,1,True,1.0,1.0,4.0,True,True
96,12441,hypercube,8,14,3,5,True,2,2,True,1.0,1.5,4.0,True,True
97,12442,paley,5,5,2,2,True,2,2,True,1.0,1.2,4.0,True,True
98,12443,complete,12,66,11,11,True,1,1,True,1.0,1.0,4.0,True,True
99,12444,cocktail_party,10,40,8,8,True,2,2,True,1.0,1.8,4.0,True,True
100,12445,circulant,11,44,8,8,True,2,2,True,1.0,1.6364,4.0,True,True
101,12446,random_regular,15,45,6,6,True,3,3,True,1.0,1.4,4.0,True,True
102,12447,erdos_renyi,13,46,5,10,True,2,2,True,1.0,1.6923,4.0,True,True
103,12448,hypercube,16,32,4,4,True,4,4,True,1.0,1.25,4.0,True,True
104,12449,paley,13,41,6,7,True,3,3,True,1.0,1.8462,4.0,True,True
105,12450,complete,9,36,8,8,True,1,1,True,1.0,1.0,4.0,True,True
106,12451,cocktail_party,16,112,14,14,True,2,2,True,1.0,1.875,4.0,True,True
107,12452,circulant,14,56,8,8,True,2,2,True,1.0,1.2857,4.0,True,True
108,12453,random_regular,12,36,6,6,True,2,2,True,1.0,1.1667,4.0,True,True
109,12454,erdos_renyi,8,20,4,7,True,1,1,True,1.0,1.0,4.0,True,True
110,12455,hypercube,16,33,4,5,True,4,4,True,1.0,1.5,4.0,True,True
111,12456,paley,13,39,6,6,True,3,3,True,1.0,1.6154,4.0,True,True
112,12457,complete,7,21,6,6,True,1,1,True,1.0,1.0,4.0,True,True
113,12458,cocktail_party,6,12,4,4,True,2,2,True,1.0,1.6667,4.0,True,True
114,12459,circulant,13,78,12,12,True,1,1,True,1.0,1.0,4.0,True,True
115,12460,random_regular,14,49,7,7,True,2,2,True,1.0,1.1429,4.0,True,True
116,12461,erdos_renyi,16,66,6,11,True,2,2,True,1.0,1.5,4.0,True,True
117,12462,hypercube,8,13,3,4,True,2,2,True,1.0,1.25,4.0,True,True
118,12463,paley,13,40,6,7,True,3,3,True,1.0,1.8462,4.0,True,True
119,12464,complete,7,21,6,6,True,1,1,True,1.0,1.0,4.0,True,True
120,12465,cocktail_party,12,60,10,10,True,2,2,True,1.0,1.8333,4.0,True,True
121,12466,circulant,12,36,6,6,True,2,2,True,1.0,1.1667,4.0,True,True
122,12467,random_regular,12,30,5,5,True,2,2,True,1.0,1.0,4.0,True,True
123,12468,erdos_renyi,11,39,3,10,True,1,1,True,1.0,1.0,4.0,True,True
124,12469,hypercube,16,32,4,4,True,4,4,True,1.0,1.25,4.0,True,True
125,12470,paley,13,40,6,7,True,3,3,True,1.0,1.8462,4.0,True,True
126,12471,complete,6,15,5,5,True,1,1,True,1.0,1.0,4.0,True,True
127,12472,cocktail_party,16,112,14,14,True,2,2,True,1.0,1.875,4.0,True,True
128,12473,circulant,9,27,6,6,True,2,2,True,1.0,1.5556,4.0,True,True
129,12474,random_regular,15,30,4,4,True,4,4,True,1.0,1.3333,4.0,True,True
130,12475,erdos_renyi,14,63,7,11,True,2,2,True,1.0,1.7143,4.0,True,True
131,12476,hypercube,8,14,3,4,True,2,2,True,1.0,1.25,4.0,True,True
132,12477,paley,5,6,2,3,True,2,2,True,1.0,1.6,4.0,True,True
133,12478,complete,6,15,5,5,True,1,1,True,1.0,1.0,4.0,True,True
134,12479,cocktail_party,12,60,10,10,True,2,2,True,1.0,1.8333,4.0,True,True
135,12480,circulant,15,60,8,8,True,2,2,True,1.0,1.2,4.0,True,True
136,12481,random_regular,14,42,6,6,True,3,3,True,1.0,1.5,4.0,True,True
137,12482,erdos_renyi,15,55,4,11,True,2,2,True,1.0,1.6,4.0,True,True
138,12483,hypercube,16,33,4,5,True,4,4,True,1.0,1.5,4.0,True,True
139,12484,paley,13,40,6,7,True,3,3,True,1.0,1.8462,4.0,True,True
140,12485,complete,12,66,11,11,True,1,1,True,1.0,1.0,4.0,True,True
141,12486,cocktail_party,10,40,8,8,True,2,2,True,1.0,1.8,4.0,True,True
142,12487,circulant,15,30,4,4,True,3,3,True,1.0,1.0,4.0,True,True
143,12488,random_regular,12,24,4,4,True,3,3,True,1.0,1.25,4.0,True,True
144,12489,erdos_renyi,13,58,7,10,True,2,2,True,1.0,1.6923,4.0,True,True
145,12490,hypercube,8,12,3,3,True,2,2,True,1.0,1.0,4.0,True,True
146,12491,paley,5,6,2,3,True,2,2,True,1.0,1.6,4.0,True,True
147,12492,complete,14,91,13,13,True,1,1,True,1.0,1.0,4.0,True,True
148,12493,cocktail_party,14,84,12,12,True,2,2,True,1.0,1.8571,4.0,True,True
149,12494,circulant,11,44,8,8,True,2,2,True,1.0,1.6364,4.0,True,True
150,12495,random_regular,16,56,7,7,True,3,3,True,1.0,1.5,4.0,True,True
151,12496,erdos_renyi,8,16,3,5,True,2,2,True,1.0,1.5,4.0,True,True
152,12497,hypercube,8,12,3,3,True,2,2,True,1.0,1.0,4.0,True,True
153,12498,paley,5,5,2,2,True,2,2,True,1.0,1.2,4.0,True,True
154,12499,complete,8,28,7,7,True,1,1,True,1.0,1.0,4.0,True,True
155,12500,cocktail_party,8,24,6,6,True,2,2,True,1.0,1.75,4.0,True,True
156,12501,circulant,16,64,8,8,True,2,2,True,1.0,1.125,4.0,True,True
157,12502,random_regular,8,16,4,4,True,2,2,True,1.0,1.25,4.0,True,True
158,12503,erdos_renyi,13,61,7,12,True,1,1,True,1.0,1.0,4.0,True,True
159,12504,hypercube,8,13,3,4,True,2,2,True,1.0,1.25,4.0,True,True
160,12505,paley,5,6,2,3,True,2,2,True,1.0,1.6,4.0,True,True
161,12506,complete,6,15,5,5,True,1,1,True,1.0,1.0,4.0,True,True
162,12507,cocktail_party,6,12,4,4,True,2,2,True,1.0,1.6667,4.0,True,True
163,12508,circulant,12,66,11,11,True,1,1,True,1.0,1.0,4.0,True,True
164,12509,random_regular,8,12,3,3,True,2,2,True,1.0,1.0,4.0,True,True
165,12510,erdos_renyi,16,86,6,12,True,2,2,True,1.0,1.625,4.0,True,True
166,12511,hypercube,16,34,4,5,True,4,4,True,1.0,1.5,4.0,True,True
167,12512,paley,13,39,6,6,True,3,3,True,1.0,1.6154,4.0,True,True
168,12513,complete,6,15,5,5,True,1,1,True,1.0,1.0,4.0,True,True
169,12514,cocktail_party,8,24,6,6,True,2,2,True,1.0,1.75,4.0,True,True
170,12515,circulant,8,28,7,7,True,1,1,True,1.0,1.0,4.0,True,True
171,12516,random_regular,10,25,5,5,True,2,2,True,1.0,1.2,4.0,True,True
172,12517,erdos_renyi,10,21,3,6,True,2,2,True,1.0,1.4,4.0,True,True
173,12518,hypercube,16,32,4,4,True,4,4,True,1.0,1.25,4.0,True,True
174,12519,paley,5,5,2,2,True,2,2,True,1.0,1.2,4.0,True,True
175,12520,complete,10,45,9,9,True,1,1,True,1.0,1.0,4.0,True,True
176,12521,cocktail_party,16,112,14,14,True,2,2,True,1.0,1.875,4.0,True,True
177,12522,circulant,15,30,4,4,True,3,3,True,1.0,1.0,4.0,True,True
178,12523,random_regular,16,64,8,8,True,2,2,True,1.0,1.125,4.0,True,True
179,12524,erdos_renyi,15,50,4,11,True,3,3,True,1.0,2.4,4.0,True,True
180,12525,hypercube,8,13,3,4,True,2,2,True,1.0,1.25,4.0,True,True
181,12526,paley,5,6,2,3,True,2,2,True,1.0,1.6,4.0,True,True
182,12527,complete,12,66,11,11,True,1,1,True,1.0,1.0,4.0,True,True
183,12528,cocktail_party,12,60,10,10,True,2,2,True,1.0,1.8333,4.0,True,True
184,12529,circulant,11,44,8,8,True,2,2,True,1.0,1.6364,4.0,True,True
185,12530,random_regular,11,22,4,4,True,3,3,True,1.0,1.3636,4.0,True,True
186,12531,erdos_renyi,11,37,2,9,True,2,2,True,1.0,1.8182,4.0,True,True
187,12532,hypercube,16,32,4,4,True,4,4,True,1.0,1.25,4.0,True,True
188,12533,paley,13,39,6,6,True,3,3,True,1.0,1.6154,4.0,True,True
189,12534,complete,14,91,13,13,True,1,1,True,1.0,1.0,4.0,True,True
190,12535,cocktail_party,12,60,10,10,True,2,2,True,1.0,1.8333,4.0,True,True
191,12536,circulant,12,66,11,11,True,1,1,True,1.0,1.0,4.0,True,True
192,12537,random_regular,11,22,4,4,True,3,3,True,1.0,1.3636,4.0,True,True
193,12538,erdos_renyi,15,65,5,11,True,2,2,True,1.0,1.6,4.0,True,True
194,12539,hypercube,8,12,3,3,True,2,2,True,1.0,1.0,4.0,True,True
195,12540,paley,5,5,2,2,True,2,2,True,1.0,1.2,4.0,True,True
196,12541,complete,8,28,7,7,True,1,1,True,1.0,1.0,4.0,True,True
197,12542,cocktail_party,8,24,6,6,True,2,2,True,1.0,1.75,4.0,True,True
198,12543,circulant,11,33,6,6,True,2,2,True,1.0,1.2727,4.0,True,True
199,12544,random_regular,12,24,4,4,True,3,3,True,1.0,1.25,4.0,True,True
200,12545,erdos_renyi,12,39,4,9,True,2,2,True,1.0,1.6667,4.0,True,True
201,12546,hypercube,8,15,3,4,True,2,2,True,1.0,1.25,4.0,True,True
202,12547,paley,13,39,6,6,True,3,3,True,1.0,1.6154,4.0,True,True
203,12548,complete,15,105,14,14,True,1,1,True,1.0,1.0,4.0,True,True
204,12549,cocktail_party,6,12,4,4,True,2,2,True,1.0,1.6667,4.0,True,True
205,12550,circulant,15,30,4,4,True,3,3,True,1.0,1.0,4.0,True,True
206,12551,random_regular,12,24,4,4,True,3,3,True,1.0,1.25,4.0,True,True
207,12552,erdos_renyi,16,74,4,12,True,2,2,True,1.0,1.625,4.0,True,True
208,12553,hypercube,16,35,4,6,True,4,4,True,1.0,1.75,4.0,True,True
209,12554,paley,13,39,6,6,True,3,3,True,1.0,1.6154,4.0,True,True
210,12555,complete,11,55,10,10,True,1,1,True,1.0,1.0,4.0,True,True
211,12556,cocktail_party,12,60,10,10,True,2,2,True,1.0,1.8333,4.0,True,True
212,12557,circulant,15,45,6,6,True,3,3,True,1.0,1.4,4.0,True,True
213,12558,random_regular,9,9,2,2,True,3,3,True,1.0,1.0,4.0,True,True
214,12559,erdos_renyi,8,19,3,6,True,2,2,True,1.0,1.75,4.0,True,True
215,12560,hypercube,16,33,4,5,True,4,4,True,1.0,1.5,4.0,True,True
216,12561,paley,5,5,2,2,True,2,2,True,1.0,1.2,4.0,True,True
217,12562,complete,16,120,15,15,True,1,1,True,1.0,1.0,4.0,True,True
218,12563,cocktail_party,8,24,6,6,True,2,2,True,1.0,1.75,4.0,True,True
219,12564,circulant,8,16,4,4,True,2,2,True,1.0,1.25,4.0,True,True
220,12565,random_regular,11,22,4,4,True,3,3,True,1.0,1.3636,4.0,True,True
221,12566,erdos_renyi,16,77,6,12,True,2,2,True,1.0,1.625,4.0,True,True
222,12567,hypercube,8,13,3,4,True,2,2,True,1.0,1.25,4.0,True,True
223,12568,paley,13,39,6,6,True,3,3,True,1.0,1.6154,4.0,True,True
224,12569,complete,9,36,8,8,True,1,1,True,1.0,1.0,4.0,True,True
225,12570,cocktail_party,10,40,8,8,True,2,2,True,1.0,1.8,4.0,True,True
226,12571,circulant,11,55,10,10,True,1,1,True,1.0,1.0,4.0,True,True
227,12572,random_regular,14,49,7,7,True,2,2,True,1.0,1.1429,4.0,True,True
228,12573,erdos_renyi,15,65,6,12,True,2,2,True,1.0,1.7333,4.0,True,True
229,12574,hypercube,16,33,4,5,True,4,4,True,1.0,1.5,4.0,True,True
230,12575,paley,5,5,2,2,True,2,2,True,1.0,1.2,4.0,True,True
231,12576,complete,14,91,13,13,True,1,1,True,1.0,1.0,4.0,True,True
232,12577,cocktail_party,16,112,14,14,True,2,2,True,1.0,1.875,4.0,True,True
233,12578,circulant,9,27,6,6,True,2,2,True,1.0,1.5556,4.0,True,True
234,12579,random_regular,11,22,4,4,True,3,3,True,1.0,1.3636,4.0,True,True
235,12580,erdos_renyi,12,45,4,11,True,1,1,True,1.0,1.0,4.0,True,True
236,12581,hypercube,16,32,4,4,True,4,4,True,1.0,1.25,4.0,True,True
237,12582,paley,5,6,2,3,True,2,2,True,1.0,1.6,4.0,True,True
238,12583,complete,6,15,5,5,True,1,1,True,1.0,1.0,4.0,True,True
239,12584,cocktail_party,6,12,4,4,True,2,2,True,1.0,1.6667,4.0,True,True
240,12585,circulant,11,22,4,4,True,3,3,True,1.0,1.3636,4.0,True,True
241,12586,random_regular,16,64,8,8,True,2,2,True,1.0,1.125,4.0,True,True
242,12587,erdos_renyi,8,21,3,7,True,1,1,True,1.0,1.0,4.0,True,True
243,12588,hypercube,8,12,3,3,True,2,2,True,1.0,1.0,4.0,True,True
244,12589,paley,13,40,6,7,True,3,3,True,1.0,1.8462,4.0,True,True
245,12590,complete,8,28,7,7,True,1,1,True,1.0,1.0,4.0,True,True
246,12591,cocktail_party,14,84,12,12,True,2,2,True,1.0,1.8571,4.0,True,True
247,12592,circulant,15,90,12,12,True,2,2,True,1.0,1.7333,4.0,True,True
248,12593,random_regular,9,18,4,4,True,2,2,True,1.0,1.1111,4.0,True,True
249,12594,erdos_renyi,15,64,5,11,True,2,2,True,1.0,1.6,4.0,True,True
250,12595,hypercube,16,34,4,5,True,4,4,True,1.0,1.5,4.0,True,True
251,12596,paley,13,39,6,6,True,3,3,True,1.0,1.6154,4.0,True,True
252,12597,complete,11,55,10,10,True,1,1,True,1.0,1.0,4.0,True,True
253,12598,cocktail_party,12,60,10,10,True,2,2,True,1.0,1.8333,4.0,True,True
254,12599,circulant,9,18,4,4,True,2,2,True,1.0,1.1111,4.0,True,True
255,12600,random_regular,13,39,6,6,True,2,2,True,1.0,1.0769,4.0,True,True
256,12601,erdos_renyi,8,20,3,7,True,1,1,True,1.0,1.0,4.0,True,True
257,12602,hypercube,8,13,3,4,True,2,2,True,1.0,1.25,4.0,True,True
258,12603,paley,13,39,6,6,True,3,3,True,1.0,1.6154,4.0,True,True
259,12604,complete,13,78,12,12,True,1,1,True,1.0,1.0,4.0,True,True
260,12605,cocktail_party,10,40,8,8,True,2,2,True,1.0,1.8,4.0,True,True
261,12606,circulant,12,60,10,10,True,2,2,True,1.0,1.8333,4.0,True,True
262,12607,random_regular,8,16,4,4,True,2,2,True,1.0,1.25,4.0,True,True
263,12608,erdos_renyi,16,65,4,12,True,2,2,True,1.0,1.625,4.0,True,True
264,12609,hypercube,16,34,4,5,True,4,4,True,1.0,1.5,4.0,True,True
265,12610,paley,13,39,6,6,True,3,3,True,1.0,1.6154,4.0,True,True
266,12611,complete,9,36,8,8,True,1,1,True,1.0,1.0,4.0,True,True
267,12612,cocktail_party,8,24,6,6,True,2,2,True,1.0,1.75,4.0,True,True
268,12613,circulant,16,32,4,4,True,4,4,True,1.0,1.25,4.0,True,True
269,12614,random_regular,14,28,4,4,True,3,3,True,1.0,1.0714,4.0,True,True
270,12615,erdos_renyi,16,62,5,11,True,2,2,True,1.0,1.5,4.0,True,True
271,12616,hypercube,16,34,4,6,True,4,4,True,1.0,1.75,4.0,True,True
272,12617,paley,13,39,6,6,True,3,3,True,1.0,1.6154,4.0,True,True
273,12618,complete,8,28,7,7,True,1,1,True,1.0,1.0,4.0,True,True
274,12619,cocktail_party,16,112,14,14,True,2,2,True,1.0,1.875,4.0,True,True
275,12620,circulant,8,24,6,6,True,2,2,True,1.0,1.75,4.0,True,True
276,12621,random_regular,8,16,4,4,True,2,2,True,1.0,1.25,4.0,True,True
277,12622,erdos_renyi,9,28,4,8,True,1,1,True,1.0,1.0,4.0,True,True
278,12623,hypercube,16,32,4,4,True,4,4,True,1.0,1.25,4.0,True,True
279,12624,paley,5,6,2,3,True,2,2,True,1.0,1.6,4.0,True,True
280,12625,complete,15,105,14,14,True,1,1,True,1.0,1.0,4.0,True,True
281,12626,cocktail_party,14,84,12,12,True,2,2,True,1.0,1.8571,4.0,True,True
282,12627,circulant,8,24,6,6,True,2,2,True,1.0,1.75,4.0,True,True
283,12628,random_regular,14,42,6,6,True,3,3,True,1.0,1.5,4.0,True,True
284,12629,erdos_renyi,9,23,3,7,True,2,2,True,1.0,1.7778,4.0,True,True
285,12630,hypercube,8,14,3,4,True,2,2,True,1.0,1.25,4.0,True,True
286,12631,paley,13,41,6,7,True,3,3,True,1.0,1.8462,4.0,True,True
287,12632,complete,8,28,7,7,True,1,1,True,1.0,1.0,4.0,True,True
288,12633,cocktail_party,16,112,14,14,True,2,2,True,1.0,1.875,4.0,True,True
289,12634,circulant,11,55,10,10,True,1,1,True,1.0,1.0,4.0,True,True
290,12635,random_regular,12,24,4,4,True,3,3,True,1.0,1.25,4.0,True,True
291,12636,erdos_renyi,8,21,4,7,True,1,1,True,1.0,1.0,4.0,True,True
292,12637,hypercube,8,13,3,4,True,2,2,True,1.0,1.25,4.0,True,True
293,12638,paley,5,6,2,3,True,2,2,True,1.0,1.6,4.0,True,True
294,12639,complete,6,15,5,5,True,1,1,True,1.0,1.0,4.0,True,True
295,12640,cocktail_party,8,24,6,6,True,2,2,True,1.0,1.75,4.0,True,True
296,12641,circulant,9,27,6,6,True,2,2,True,1.0,1.5556,4.0,True,True
297,12642,random_regular,16,32,4,4,True,4,4,True,1.0,1.25,4.0,True,True
298,12643,erdos_renyi,12,32,3,8,True,2,2,True,1.0,1.5,4.0,True,True
299,12644,hypercube,8,13,3,4,True,2,2,True,1.0,1.25,4.0,True,True
300,12645,paley,5,5,2,2,True,2,2,True,1.0,1.2,4.0,True,True
301,12646,complete,16,120,15,15,True,1,1,True,1.0,1.0,4.0,True,True
302,12647,cocktail_party,12,60,10,10,True,2,2,True,1.0,1.8333,4.0,True,True
303,12648,circulant,10,20,4,4,True,2,2,True,1.0,1.0,4.0,True,True
304,12649,random_regular,10,25,5,5,True,2,2,True,1.0,1.2,4.0,True,True
305,12650,erdos_renyi,16,81,7,13,True,2,2,True,1.0,1.75,4.0,True,True
306,12651,hypercube,16,34,4,5,True,4,4,True,1.0,1.5,4.0,True,True
307,12652,paley,13,40,6,7,True,3,3,True,1.0,1.8462,4.0,True,True
308,12653,complete,16,120,15,15,True,1,1,True,1.0,1.0,4.0,True,True
309,12654,cocktail_party,10,40,8,8,True,2,2,True,1.0,1.8,4.0,True,True
310,12655,circulant,8,28,7,7,True,1,1,True,1.0,1.0,4.0,True,True
311,12656,random_regular,14,28,4,4,True,3,3,True,1.0,1.0714,4.0,True,True
312,12657,erdos_renyi,11,36,4,9,True,2,2,True,1.0,1.8182,4.0,True,True
313,12658,hypercube,8,15,3,5,True,2,2,True,1.0,1.5,4.0,True,True
314,12659,paley,13,40,6,7,True,3,3,True,1.0,1.8462,4.0,True,True
315,12660,complete,12,66,11,11,True,1,1,True,1.0,1.0,4.0,True,True
316,12661,cocktail_party,10,40,8,8,True,2,2,True,1.0,1.8,4.0,True,True
317,12662,circulant,15,90,12,12,True,2,2,True,1.0,1.7333,4.0,True,True
318,12663,random_regular,11,22,4,4,True,3,3,True,1.0,1.3636,4.0,True,True
319,12664,erdos_renyi,13,47,4,10,True,2,2,True,1.0,1.6923,4.0,True,True
320,12665,hypercube,8,13,3,4,True,2,2,True,1.0,1.25,4.0,True,True
321,12666,paley,5,6,2,3,True,2,2,True,1.0,1.6,4.0,True,True
322,12667,complete,6,15,5,5,True,1,1,True,1.0,1.0,4.0,True,True
323,12668,cocktail_party,14,84,12,12,True,2,2,True,1.0,1.8571,4.0,True,True
324,12669,circulant,8,16,4,4,True,2,2,True,1.0,1.25,4.0,True,True
325,12670,random_regular,8,12,3,3,True,2,2,True,1.0,1.0,4.0,True,True
326,12671,erdos_renyi,10,24,2,8,True,2,2,True,1.0,1.8,4.0,True,True
327,12672,hypercube,8,13,3,4,True,2,2,True,1.0,1.25,4.0,True,True
328,12673,paley,5,6,2,3,True,2,2,True,1.0,1.6,4.0,True,True
329,12674,complete,8,28,7,7,True,1,1,True,1.0,1.0,4.0,True,True
330,12675,cocktail_party,10,40,8,8,True,2,2,True,1.0,1.8,4.0,True,True
331,12676,circulant,13,39,6,6,True,2,2,True,1.0,1.0769,4.0,True,True
332,12677,random_regular,14,49,7,7,True,2,2,True,1.0,1.1429,4.0,True,True
333,12678,erdos_renyi,11,27,3,7,True,2,2,True,1.0,1.4545,4.0,True,True
334,12679,hypercube,16,32,4,4,True,4,4,True,1.0,1.25,4.0,True,True
335,12680,paley,5,6,2,3,True,2,2,True,1.0,1.6,4.0,True,True
336,12681,complete,15,105,14,14,True,1,1,True,1.0,1.0,4.0,True,True
337,12682,cocktail_party,14,84,12,12,True,2,2,True,1.0,1.8571,4.0,True,True
338,12683,circulant,16,48,6,6,True,3,3,True,1.0,1.3125,4.0,True,True
339,12684,random_regular,13,26,4,4,True,3,3,True,1.0,1.1538,4.0,True,True
340,12685,erdos_renyi,12,49,5,10,True,2,2,True,1.0,1.8333,4.0,True,True
341,12686,hypercube,16,35,4,5,True,4,4,True,1.0,1.5,4.0,True,True
342,12687,paley,5,5,2,2,True,2,2,True,1.0,1.2,4.0,True,True
343,12688,complete,7,21,6,6,True,1,1,True,1.0,1.0,4.0,True,True
344,12689,cocktail_party,16,112,14,14,True,2,2,True,1.0,1.875,4.0,True,True
345,12690,circulant,14,91,13,13,True,1,1,True,1.0,1.0,4.0,True,True
346,12691,random_regular,13,26,4,4,True,3,3,True,1.0,1.1538,4.0,True,True
347,12692,erdos_renyi,16,87,6,14,True,2,2,True,1.0,1.875,4.0,True,True
348,12693,hypercube,16,33,4,5,True,4,4,True,1.0,1.5,4.0,True,True
349,12694,paley,13,40,6,7,True,3,3,True,1.0,1.8462,4.0,True,True
350,12695,complete,12,66,11,11,True,1,1,True,1.0,1.0,4.0,True,True
351,12696,cocktail_party,12,60,10,10,True,2,2,True,1.0,1.8333,4.0,True,True
352,12697,circulant,9,27,6,6,True,2,2,True,1.0,1.5556,4.0,True,True
353,12698,random_regular,15,30,4,4,True,4,4,True,1.0,1.3333,4.0,True,True
354,12699,erdos_renyi,15,80,8,14,True,1,1,True,1.0,1.0,4.0,True,True
355,12700,hypercube,8,12,3,3,True,2,2,True,1.0,1.0,4.0,True,True
356,12701,paley,13,39,6,6,True,3,3,True,1.0,1.6154,4.0,True,True
357,12702,complete,14,91,13,13,True,1,1,True,1.0,1.0,4.0,True,True
358,12703,cocktail_party,6,12,4,4,True,2,2,True,1.0,1.6667,4.0,True,True
359,12704,circulant,16,80,10,10,True,2,2,True,1.0,1.375,4.0,True,True
360,12705,random_regular,15,45,6,6,True,3,3,True,1.0,1.4,4.0,True,True
361,12706,erdos_renyi,10,23,3,6,True,2,2,True,1.0,1.4,4.0,True,True
362,12707,hypercube,16,33,4,5,True,4,4,True,1.0,1.5,4.0,True,True
363,12708,paley,13,39,6,6,True,3,3,True,1.0,1.6154,4.0,True,True
364,12709,complete,13,78,12,12,True,1,1,True,1.0,1.0,4.0,True,True
365,12710,cocktail_party,12,60,10,10,True,2,2,True,1.0,1.8333,4.0,True,True
366,12711,circulant,12,66,11,11,True,1,1,True,1.0,1.0,4.0,True,True
367,12712,random_regular,10,20,4,4,True,2,2,True,1.0,1.0,4.0,True,True
368,12713,erdos_renyi,11,36,5,10,True,1,1,True,1.0,1.0,4.0,True,True
369,12714,hypercube,16,32,4,4,True,4,4,True,1.0,1.25,4.0,True,True
370,12715,paley,5,6,2,3,True,2,2,True,1.0,1.6,4.0,True,True
371,12716,complete,15,105,14,14,True,1,1,True,1.0,1.0,4.0,True,True
372,12717,cocktail_party,8,24,6,6,True,2,2,True,1.0,1.75,4.0,True,True
373,12718,circulant,15,30,4,4,True,3,3,True,1.0,1.0,4.0,True,True
374,12719,random_regular,10,25,5,5,True,2,2,True,1.0,1.2,4.0,True,True
375,12720,erdos_renyi,10,37,6,9,True,1,1,True,1.0,1.0,4.0,True,True
376,12721,hypercube,8,13,3,4,True,2,2,True,1.0,1.25,4.0,True,True
377,12722,paley,13,40,6,7,True,3,3,True,1.0,1.8462,4.0,True,True
378,12723,complete,14,91,13,13,True,1,1,True,1.0,1.0,4.0,True,True
379,12724,cocktail_party,16,112,14,14,True,2,2,True,1.0,1.875,4.0,True,True
380,12725,circulant,13,78,12,12,True,1,1,True,1.0,1.0,4.0,True,True
381,12726,random_regular,16,32,4,4,True,4,4,True,1.0,1.25,4.0,True,True
382,12727,erdos_renyi,13,50,6,10,True,2,2,True,1.0,1.6923,4.0,True,True
383,12728,hypercube,8,12,3,3,True,2,2,True,1.0,1.0,4.0,True,True
384,12729,paley,13,40,6,7,True,3,3,True,1.0,1.8462,4.0,True,True
385,12730,complete,15,105,14,14,True,1,1,True,1.0,1.0,4.0,True,True
386,12731,cocktail_party,12,60,10,10,True,2,2,True,1.0,1.8333,4.0,True,True
387,12732,circulant,8,24,6,6,True,2,2,True,1.0,1.75,4.0,True,True
388,12733,random_regular,8,12,3,3,True,2,2,True,1.0,1.0,4.0,True,True
389,12734,erdos_renyi,12,50,6,11,True,1,1,True,1.0,1.0,4.0,True,True
390,12735,hypercube,16,32,4,4,True,4,4,True,1.0,1.25,4.0,True,True
391,12736,paley,13,41,6,7,True,3,3,True,1.0,1.8462,4.0,True,True
392,12737,complete,11,55,10,10,True,1,1,True,1.0,1.0,4.0,True,True
393,12738,cocktail_party,16,112,14,14,True,2,2,True,1.0,1.875,4.0,True,True
394,12739,circulant,9,18,4,4,True,2,2,True,1.0,1.1111,4.0,True,True
395,12740,random_regular,11,22,4,4,True,3,3,True,1.0,1.3636,4.0,True,True
396,12741,erdos_renyi,9,25,4,7,True,2,2,True,1.0,1.7778,4.0,True,True
397,12742,hypercube,8,14,3,5,True,2,2,True,1.0,1.5,4.0,True,True
398,12743,paley,5,7,2,3,True,2,2,True,1.0,1.6,4.0,True,True
399,12744,complete,14,91,13,13,True,1,1,True,1.0,1.0,4.0,True,True
400,12745,cocktail_party,14,84,12,12,True,2,2,True,1.0,1.8571,4.0,True,True
401,12746,circulant,12,48,8,8,True,2,2,True,1.0,1.5,4.0,True,True
402,12747,random_regular,8,12,3,3,True,2,2,True,1.0,1.0,4.0,True,True
403,12748,erdos_renyi,14,44,4,9,True,2,2,True,1.0,1.4286,4.0,True,True
404,12749,hypercube,8,13,3,4,True,2,2,True,1.0,1.25,4.0,True,True
405,12750,paley,5,7,2,3,True,2,2,True,1.0,1.6,4.0,True,True
406,12751,complete,16,120,15,15,True,1,1,True,1.0,1.0,4.0,True,True
407,12752,cocktail_party,10,40,8,8,True,2,2,True,1.0,1.8,4.0,True,True
408,12753,circulant,8,16,4,4,True,2,2,True,1.0,1.25,4.0,True,True
409,12754,random_regular,10,20,4,4,True,3,3,True,1.0,1.5,4.0,True,True
410,12755,erdos_renyi,9,30,5,8,True,1,1,True,1.0,1.0,4.0,True,True
411,12756,hypercube,8,12,3,3,True,2,2,True,1.0,1.0,4.0,True,True
412,12757,paley,5,5,2,2,True,2,2,True,1.0,1.2,4.0,True,True
413,12758,complete,16,120,15,15,True,1,1,True,1.0,1.0,4.0,True,True
414,12759,cocktail_party,10,40,8,8,True,2,2,True,1.0,1.8,4.0,True,True
415,12760,circulant,15,30,4,4,True,3,3,True,1.0,1.0,4.0,True,True
416,12761,random_regular,14,35,5,5,True,3,3,True,1.0,1.2857,4.0,True,True
417,12762,erdos_renyi,16,79,6,13,True,2,2,True,1.0,1.75,4.0,True,True
418,12763,hypercube,8,13,3,4,True,2,2,True,1.0,1.25,4.0,True,True
419,12764,paley,13,40,6,7,True,3,3,True,1.0,1.8462,4.0,True,True
420,12765,complete,8,28,7,7,True,1,1,True,1.0,1.0,4.0,True,True
421,12766,cocktail_party,14,84,12,12,True,2,2,True,1.0,1.8571,4.0,True,True
422,12767,circulant,13,26,4,4,True,3,3,True,1.0,1.1538,4.0,True,True
423,12768,random_regular,13,26,4,4,True,3,3,True,1.0,1.1538,4.0,True,True
424,12769,erdos_renyi,13,56,6,11,True,2,2,True,1.0,1.8462,4.0,True,True
425,12770,hypercube,8,14,3,4,True,2,2,True,1.0,1.25,4.0,True,True
426,12771,paley,5,5,2,2,True,2,2,True,1.0,1.2,4.0,True,True
427,12772,complete,14,91,13,13,True,1,1,True,1.0,1.0,4.0,True,True
428,12773,cocktail_party,14,84,12,12,True,2,2,True,1.0,1.8571,4.0,True,True
429,12774,circulant,9,36,8,8,True,1,1,True,1.0,1.0,4.0,True,True
430,12775,random_regular,9,9,2,2,True,3,3,True,1.0,1.0,4.0,True,True
431,12776,erdos_renyi,14,65,7,11,True,2,2,True,1.0,1.7143,4.0,True,True
432,12777,hypercube,8,14,3,5,True,2,2,True,1.0,1.5,4.0,True,True
433,12778,paley,13,39,6,6,True,3,3,True,1.0,1.6154,4.0,True,True
434,12779,complete,7,21,6,6,True,1,1,True,1.0,1.0,4.0,True,True
435,12780,cocktail_party,14,84,12,12,True,2,2,True,1.0,1.8571,4.0,True,True
436,12781,circulant,13,65,10,10,True,2,2,True,1.0,1.6923,4.0,True,True
437,12782,random_regular,14,28,4,4,True,4,4,True,1.0,1.4286,4.0,True,True
438,12783,erdos_renyi,14,41,2,8,True,3,3,True,1.0,1.9286,4.0,True,True
439,12784,hypercube,8,13,3,4,True,2,2,True,1.0,1.25,4.0,True,True
440,12785,paley,5,7,2,4,True,1,1,True,1.0,1.0,4.0,True,True
441,12786,complete,12,66,11,11,True,1,1,True,1.0,1.0,4.0,True,True
442,12787,cocktail_party,16,112,14,14,True,2,2,True,1.0,1.875,4.0,True,True
443,12788,circulant,9,27,6,6,True,2,2,True,1.0,1.5556,4.0,True,True
444,12789,random_regular,10,20,4,4,True,2,2,True,1.0,1.0,4.0,True,True
445,12790,erdos_renyi,14,55,5,10,True,2,2,True,1.0,1.5714,4.0,True,True
446,12791,hypercube,8,14,3,4,True,2,2,True,1.0,1.25,4.0,True,True
447,12792,paley,5,6,2,3,True,2,2,True,1.0,1.6,4.0,True,True
448,12793,complete,6,15,5,5,True,1,1,True,1.0,1.0,4.0,True,True
449,12794,cocktail_party,14,84,12,12,True,2,2,True,1.0,1.8571,4.0,True,True
450,12795,circulant,16,80,10,10,True,2,2,True,1.0,1.375,4.0,True,True
451,12796,random_regular,11,22,4,4,True,3,3,True,1.0,1.3636,4.0,True,True
452,12797,erdos_renyi,9,19,3,6,True,2,2,True,1.0,1.5556,4.0,True,True
453,12798,hypercube,16,33,4,5,True,4,4,True,1.0,1.5,4.0,True,True
454,12799,paley,13,40,6,7,True,3,3,True,1.0,1.8462,4.0,True,True
455,12800,complete,6,15,5,5,True,1,1,True,1.0,1.0,4.0,True,True
456,12801,cocktail_party,10,40,8,8,True,2,2,True,1.0,1.8,4.0,True,True
457,12802,circulant,9,18,4,4,True,2,2,True,1.0,1.1111,4.0,True,True
458,12803,random_regular,14,35,5,5,True,3,3,True,1.0,1.2857,4.0,True,True
459,12804,erdos_renyi,15,84,8,13,True,2,2,True,1.0,1.8667,4.0,True,True
460,12805,hypercube,8,13,3,4,True,2,2,True,1.0,1.25,4.0,True,True
461,12806,paley,13,39,6,6,True,3,3,True,1.0,1.6154,4.0,True,True
462,12807,complete,11,55,10,10,True,1,1,True,1.0,1.0,4.0,True,True
463,12808,cocktail_party,6,12,4,4,True,2,2,True,1.0,1.6667,4.0,True,True
464,12809,circulant,9,36,8,8,True,1,1,True,1.0,1.0,4.0,True,True
465,12810,random_regular,15,30,4,4,True,4,4,True,1.0,1.3333,4.0,True,True
466,12811,erdos_renyi,9,28,5,8,True,1,1,True,1.0,1.0,4.0,True,True
467,12812,hypercube,8,14,3,5,True,2,2,True,1.0,1.5,4.0,True,True
468,12813,paley,5,5,2,2,True,2,2,True,1.0,1.2,4.0,True,True
469,12814,complete,13,78,12,12,True,1,1,True,1.0,1.0,4.0,True,True
470,12815,cocktail_party,12,60,10,10,True,2,2,True,1.0,1.8333,4.0,True,True
471,12816,circulant,10,40,8,8,True,2,2,True,1.0,1.8,4.0,True,True
472,12817,random_regular,16,64,8,8,True,2,2,True,1.0,1.125,4.0,True,True
473,12818,erdos_renyi,8,20,4,6,True,2,2,True,1.0,1.75,4.0,True,True
474,12819,hypercube,8,12,3,3,True,2,2,True,1.0,1.0,4.0,True,True
475,12820,paley,13,40,6,7,True,3,3,True,1.0,1.8462,4.0,True,True
476,12821,complete,13,78,12,12,True,1,1,True,1.0,1.0,4.0,True,True
477,12822,cocktail_party,12,60,10,10,True,2,2,True,1.0,1.8333,4.0,True,True
478,12823,circulant,16,96,12,12,True,2,2,True,1.0,1.625,4.0,True,True
479,12824,random_regular,9,18,4,4,True,2,2,True,1.0,1.1111,4.0,True,True
480,12825,erdos_renyi,12,46,4,10,True,2,2,True,1.0,1.8333,4.0,True,True
481,12826,hypercube,8,13,3,4,True,2,2,True,1.0,1.25,4.0,True,True
482,12827,paley,13,39,6,6,True,3,3,True,1.0,1.6154,4.0,True,True
483,12828,complete,12,66,11,11,True,1,1,True,1.0,1.0,4.0,True,True
484,12829,cocktail_party,16,112,14,14,True,2,2,True,1.0,1.875,4.0,True,True
485,12830,circulant,14,84,12,12,True,2,2,True,1.0,1.8571,4.0,True,True
486,12831,random_regular,10,20,4,4,True,3,3,True,1.0,1.5,4.0,True,True
487,12832,erdos_renyi,10,23,3,6,True,2,2,True,1.0,1.4,4.0,True,True
488,12833,hypercube,16,32,4,4,True,4,4,True,1.0,1.25,4.0,True,True
489,12834,paley,5,7,2,3,True,2,2,True,1.0,1.6,4.0,True,True
490,12835,complete,7,21,6,6,True,1,1,True,1.0,1.0,4.0,True,True
491,12836,cocktail_party,14,84,12,12,True,2,2,True,1.0,1.8571,4.0,True,True
492,12837,circulant,8,16,4,4,True,2,2,True,1.0,1.25,4.0,True,True
493,12838,random_regular,16,64,8,8,True,2,2,True,1.0,1.125,4.0,True,True
494,12839,erdos_renyi,10,28,3,8,True,2,2,True,1.0,1.8,4.0,True,True
495,12840,hypercube,8,12,3,3,True,2,2,True,1.0,1.0,4.0,True,True
496,12841,paley,13,40,6,7,True,3,3,True,1.0,1.8462,4.0,True,True
497,12842,complete,11,55,10,10,True,1,1,True,1.0,1.0,4.0,True,True
498,12843,cocktail_party,8,24,6,6,True,2,2,True,1.0,1.75,4.0,True,True
499,12844,circulant,13,26,4,4,True,3,3,True,1.0,1.1538,4.0,True,True
500,12845,random_regular,15,45,6,6,True,3,3,True,1.0,1.4,4.0,True,True
501,12846,erdos_renyi,9,28,4,8,True,1,1,True,1.0,1.0,4.0,True,True
502,12847,hypercube,16,34,4,6,True,4,4,True,1.0,1.75,4.0,True,True
503,12848,paley,5,5,2,2,True,2,2,True,1.0,1.2,4.0,True,True
504,12849,complete,16,120,15,15,True,1,1,True,1.0,1.0,4.0,True,True
505,12850,cocktail_party,8,24,6,6,True,2,2,True,1.0,1.75,4.0,True,True
506,12851,circulant,13,65,10,10,True,2,2,True,1.0,1.6923,4.0,True,True
507,12852,random_regular,12,24,4,4,True,3,3,True,1.0,1.25,4.0,True,True
508,12853,erdos_renyi,8,15,3,5,True,2,2,True,1.0,1.5,4.0,True,True
509,12854,hypercube,16,33,4,5,True,4,4,True,1.0,1.5,4.0,True,True
510,12855,paley,13,39,6,6,True,3,3,True,1.0,1.6154,4.0,True,True
511,12856,complete,11,55,10,10,True,1,1,True,1.0,1.0,4.0,True,True
512,12857,cocktail_party,16,112,14,14,True,2,2,True,1.0,1.875,4.0,True,True
513,12858,circulant,14,70,10,10,True,2,2,True,1.0,1.5714,4.0,True,True
514,12859,random_regular,13,26,4,4,True,3,3,True,1.0,1.1538,4.0,True,True
515,12860,erdos_renyi,11,27,2,7,True,2,2,True,1.0,1.4545,4.0,True,True
516,12861,hypercube,16,32,4,4,True,4,4,True,1.0,1.25,4.0,True,True
517,12862,paley,13,39,6,6,True,3,3,True,1.0,1.6154,4.0,True,True
518,12863,complete,6,15,5,5,True,1,1,True,1.0,1.0,4.0,True,True
519,12864,cocktail_party,6,12,4,4,True,2,2,True,1.0,1.6667,4.0,True,True
520,12865,circulant,11,55,10,10,True,1,1,True,1.0,1.0,4.0,True,True
521,12866,random_regular,15,30,4,4,True,4,4,True,1.0,1.3333,4.0,True,True
522,12867,erdos_renyi,10,31,4,8,True,2,2,True,1.0,1.8,4.0,True,True
523,12868,hypercube,16,32,4,4,True,4,4,True,1.0,1.25,4.0,True,True
524,12869,paley,13,39,6,6,True,3,3,True,1.0,1.6154,4.0,True,True
525,12870,complete,12,66,11,11,True,1,1,True,1.0,1.0,4.0,True,True
526,12871,cocktail_party,14,84,12,12,True,2,2,True,1.0,1.8571,4.0,True,True
527,12872,circulant,10,20,4,4,True,2,2,True,1.0,1.0,4.0,True,True
528,12873,random_regular,14,28,4,4,True,3,3,True,1.0,1.0714,4.0,True,True
529,12874,erdos_renyi,14,65,7,11,True,2,2,True,1.0,1.7143,4.0,True,True
530,12875,hypercube,16,34,4,5,True,4,4,True,1.0,1.5,4.0,True,True
531,12876,paley,5,7,2,4,True,1,1,True,1.0,1.0,4.0,True,True
532,12877,complete,7,21,6,6,True,1,1,True,1.0,1.0,4.0,True,True
533,12878,cocktail_party,12,60,10,10,True,2,2,True,1.0,1.8333,4.0,True,True
534,12879,circulant,10,20,4,4,True,2,2,True,1.0,1.0,4.0,True,True
535,12880,random_regular,14,28,4,4,True,4,4,True,1.0,1.4286,4.0,True,True
536,12881,erdos_renyi,9,28,4,8,True,1,1,True,1.0,1.0,4.0,True,True
537,12882,hypercube,16,33,4,5,True,4,4,True,1.0,1.5,4.0,True,True
538,12883,paley,13,40,6,7,True,3,3,True,1.0,1.8462,4.0,True,True
539,12884,complete,7,21,6,6,True,1,1,True,1.0,1.0,4.0,True,True
540,12885,cocktail_party,6,12,4,4,True,2,2,True,1.0,1.6667,4.0,True,True
541,12886,circulant,16,64,8,8,True,2,2,True,1.0,1.125,4.0,True,True
542,12887,random_regular,13,26,4,4,True,3,3,True,1.0,1.1538,4.0,True,True
543,12888,erdos_renyi,16,82,7,12,True,2,2,True,1.0,1.625,4.0,True,True
544,12889,hypercube,16,32,4,4,True,4,4,True,1.0,1.25,4.0,True,True
545,12890,paley,13,40,6,7,True,3,3,True,1.0,1.8462,4.0,True,True
546,12891,complete,13,78,12,12,True,1,1,True,1.0,1.0,4.0,True,True
547,12892,cocktail_party,16,112,14,14,True,2,2,True,1.0,1.875,4.0,True,True
548,12893,circulant,11,44,8,8,True,2,2,True,1.0,1.6364,4.0,True,True
549,12894,random_regular,13,26,4,4,True,3,3,True,1.0,1.1538,4.0,True,True
550,12895,erdos_renyi,9,27,4,7,True,2,2,True,1.0,1.7778,4.0,True,True
551,12896,hypercube,16,34,4,5,True,4,4,True,1.0,1.5,4.0,True,True
552,12897,paley,5,5,2,2,True,2,2,True,1.0,1.2,4.0,True,True
553,12898,complete,6,15,5,5,True,1,1,True,1.0,1.0,4.0,True,True
554,12899,cocktail_party,8,24,6,6,True,2,2,True,1.0,1.75,4.0,True,True
555,12900,circulant,15,75,10,10,True,2,2,True,1.0,1.4667,4.0,True,True
556,12901,random_regular,8,16,4,4,True,2,2,True,1.0,1.25,4.0,True,True
557,12902,erdos_renyi,15,59,5,12,True,2,2,True,1.0,1.7333,4.0,True,True
558,12903,hypercube,8,14,3,4,True,2,2,True,1.0,1.25,4.0,True,True
559,12904,paley,5,5,2,2,True,2,2,True,1.0,1.2,4.0,True,True
560,12905,complete,10,45,9,9,True,1,1,True,1.0,1.0,4.0,True,True
561,12906,cocktail_party,12,60,10,10,True,2,2,True,1.0,1.8333,4.0,True,True
562,12907,circulant,13,39,6,6,True,2,2,True,1.0,1.0769,4.0,True,True
563,12908,random_regular,12,36,6,6,True,2,2,True,1.0,1.1667,4.0,True,True
564,12909,erdos_renyi,16,71,5,13,True,2,2,True,1.0,1.75,4.0,True,True
565,12910,hypercube,16,34,4,5,True,4,4,True,1.0,1.5,4.0,True,True
566,12911,paley,5,5,2,2,True,2,2,True,1.0,1.2,4.0,True,True
567,12912,complete,14,91,13,13,True,1,1,True,1.0,1.0,4.0,True,True
568,12913,cocktail_party,8,24,6,6,True,2,2,True,1.0,1.75,4.0,True,True
569,12914,circulant,15,90,12,12,True,2,2,True,1.0,1.7333,4.0,True,True
570,12915,random_regular,14,35,5,5,True,3,3,True,1.0,1.2857,4.0,True,True
571,12916,erdos_renyi,9,19,2,6,True,2,2,True,1.0,1.5556,4.0,True,True
572,12917,hypercube,16,35,4,5,True,4,4,True,1.0,1.5,4.0,True,True
573,12918,paley,5,5,2,2,True,2,2,True,1.0,1.2,4.0,True,True
574,12919,complete,8,28,7,7,True,1,1,True,1.0,1.0,4.0,True,True
575,12920,cocktail_party,6,12,4,4,True,2,2,True,1.0,1.6667,4.0,True,True
576,12921,circulant,13,78,12,12,True,1,1,True,1.0,1.0,4.0,True,True
577,12922,random_regular,12,24,4,4,True,3,3,True,1.0,1.25,4.0,True,True
578,12923,erdos_renyi,8,20,4,6,True,2,2,True,1.0,1.75,4.0,True,True
579,12924,hypercube,16,32,4,4,True,4,4,True,1.0,1.25,4.0,True,True
580,12925,paley,13,39,6,6,True,3,3,True,1.0,1.6154,4.0,True,True
581,12926,complete,9,36,8,8,True,1,1,True,1.0,1.0,4.0,True,True
582,12927,cocktail_party,10,40,8,8,True,2,2,True,1.0,1.8,4.0,True,True
583,12928,circulant,10,20,4,4,True,2,2,True,1.0,1.0,4.0,True,True
584,12929,random_regular,11,22,4,4,True,3,3,True,1.0,1.3636,4.0,True,True
585,12930,erdos_renyi,9,25,4,7,True,2,2,True,1.0,1.7778,4.0,True,True
586,12931,hypercube,16,32,4,4,True,4,4,True,1.0,1.25,4.0,True,True
587,12932,paley,5,6,2,3,True,2,2,True,1.0,1.6,4.0,True,True
588,12933,complete,7,21,6,6,True,1,1,True,1.0,1.0,4.0,True,True
589,12934,cocktail_party,8,24,6,6,True,2,2,True,1.0,1.75,4.0,True,True
590,12935,circulant,12,36,6,6,True,2,2,True,1.0,1.1667,4.0,True,True
591,12936,random_regular,13,26,4,4,True,3,3,True,1.0,1.1538,4.0,True,True
592,12937,erdos_renyi,14,64,7,11,True,2,2,True,1.0,1.7143,4.0,True,True
593,12938,hypercube,16,32,4,4,True,4,4,True,1.0,1.25,4.0,True,True
594,12939,paley,5,5,2,2,True,2,2,True,1.0,1.2,4.0,True,True
595,12940,complete,12,66,11,11,True,1,1,True,1.0,1.0,4.0,True,True
596,12941,cocktail_party,14,84,12,12,True,2,2,True,1.0,1.8571,4.0,True,True
597,12942,circulant,16,96,12,12,True,2,2,True,1.0,1.625,4.0,True,True
598,12943,random_regular,14,49,7,7,True,2,2,True,1.0,1.1429,4.0,True,True
599,12944,erdos_renyi,13,38,3,8,True,2,2,True,1.0,1.3846,4.0,True,True
600,12945,hypercube,16,33,4,5,True,4,4,True,1.0,1.5,4.0,True,True
601,12946,paley,13,40,6,7,True,3,3,True,1.0,1.8462,4.0,True,True
602,12947,complete,13,78,12,12,True,1,1,True,1.0,1.0,4.0,True,True
603,12948,cocktail_party,12,60,10,10,True,2,2,True,1.0,1.8333,4.0,True,True
604,12949,circulant,13,26,4,4,True,3,3,True,1.0,1.1538,4.0,True,True
605,12950,random_regular,11,22,4,4,True,3,3,True,1.0,1.3636,4.0,True,True
606,12951,erdos_renyi,10,33,5,8,True,2,2,True,1.0,1.8,4.0,True,True
607,12952,hypercube,8,14,3,5,True,2,2,True,1.0,1.5,4.0,True,True
608,12953,paley,5,5,2,2,True,2,2,True,1.0,1.2,4.0,True,True
609,12954,complete,11,55,10,10,True,1,1,True,1.0,1.0,4.0,True,True
610,12955,cocktail_party,10,40,8,8,True,2,2,True,1.0,1.8,4.0,True,True
611,12956,circulant,11,55,10,10,True,1,1,True,1.0,1.0,4.0,True,True
612,12957,random_regular,14,49,7,7,True,2,2,True,1.0,1.1429,4.0,True,True
613,12958,erdos_renyi,9,23,3,8,True,1,1,True,1.0,1.0,4.0,True,True
614,12959,hypercube,8,12,3,3,True,2,2,True,1.0,1.0,4.0,True,True
615,12960,paley,13,40,6,7,True,3,3,True,1.0,1.8462,4.0,True,True
616,12961,complete,10,45,9,9,True,1,1,True,1.0,1.0,4.0,True,True
617,12962,cocktail_party,12,60,10,10,True,2,2,True,1.0,1.8333,4.0,True,True
618,12963,circulant,10,40,8,8,True,2,2,True,1.0,1.8,4.0,True,True
619,12964,random_regular,12,24,4,4,True,3,3,True,1.0,1.25,4.0,True,True
620,12965,erdos_renyi,8,24,5,7,True,1,1,True,1.0,1.0,4.0,True,True
621,12966,hypercube,8,13,3,4,True,2,2,True,1.0,1.25,4.0,True,True
622,12967,paley,13,39,6,6,True,3,3,True,1.0,1.6154,4.0,True,True
623,12968,complete,16,120,15,15,True,1,1,True,1.0,1.0,4.0,True,True
624,12969,cocktail_party,14,84,12,12,True,2,2,True,1.0,1.8571,4.0,True,True
625,12970,circulant,8,24,6,6,True,2,2,True,1.0,1.75,4.0,True,True
626,12971,random_regular,8,12,3,3,True,2,2,True,1.0,1.0,4.0,True,True
627,12972,erdos_renyi,10,25,2,7,True,2,2,True,1.0,1.6,4.0,True,True
628,12973,hypercube,16,34,4,5,True,4,4,True,1.0,1.5,4.0,True,True
629,12974,paley,5,6,2,3,True,2,2,True,1.0,1.6,4.0,True,True
630,12975,complete,15,105,14,14,True,1,1,True,1.0,1.0,4.0,True,True
631,12976,cocktail_party,16,112,14,14,True,2,2,True,1.0,1.875,4.0,True,True
632,12977,circulant,9,27,6,6,True,2,2,True,1.0,1.5556,4.0,True,True
633,12978,random_regular,12,36,6,6,True,2,2,True,1.0,1.1667,4.0,True,True
634,12979,erdos_renyi,13,46,4,11,True,2,2,True,1.0,1.8462,4.0,True,True
635,12980,hypercube,16,35,4,5,True,4,4,True,1.0,1.5,4.0,True,True
636,12981,paley,13,39,6,6,True,3,3,True,1.0,1.6154,4.0,True,True
637,12982,complete,15,105,14,14,True,1,1,True,1.0,1.0,4.0,True,True
638,12983,cocktail_party,10,40,8,8,True,2,2,True,1.0,1.8,4.0,True,True
639,12984,circulant,16,120,15,15,True,1,1,True,1.0,1.0,4.0,True,True
640,12985,random_regular,10,25,5,5,True,2,2,True,1.0,1.2,4.0,True,True
641,12986,erdos_renyi,15,66,6,11,True,2,2,True,1.0,1.6,4.0,True,True
642,12987,hypercube,8,13,3,4,True,2,2,True,1.0,1.25,4.0,True,True
643,12988,paley,5,7,2,4,True,1,1,True,1.0,1.0,4.0,True,True
644,12989,complete,16,120,15,15,True,1,1,True,1.0,1.0,4.0,True,True
645,12990,cocktail_party,8,24,6,6,True,2,2,True,1.0,1.75,4.0,True,True
646,12991,circulant,15,75,10,10,True,2,2,True,1.0,1.4667,4.0,True,True
647,12992,random_regular,10,20,4,4,True,3,3,True,1.0,1.5,4.0,True,True
648,12993,erdos_renyi,8,11,1,4,True,2,2,True,1.0,1.25,4.0,True,True
649,12994,hypercube,8,13,3,4,True,2,2,True,1.0,1.25,4.0,True,True
650,12995,paley,13,40,6,7,True,3,3,True,1.0,1.8462,4.0,True,True
651,12996,complete,9,36,8,8,True,1,1,True,1.0,1.0,4.0,True,True
652,12997,cocktail_party,12,60,10,10,True,2,2,True,1.0,1.8333,4.0,True,True
653,12998,circulant,11,44,8,8,True,2,2,True,1.0,1.6364,4.0,True,True
654,12999,random_regular,15,30,4,4,True,4,4,True,1.0,1.3333,4.0,True,True
655,13000,erdos_renyi,9,20,2,6,True,2,2,True,1.0,1.5556,4.0,True,True
656,13001,hypercube,16,33,4,5,True,4,4,True,1.0,1.5,4.0,True,True
657,13002,paley,13,39,6,6,True,3,3,True,1.0,1.6154,4.0,True,True
658,13003,complete,10,45,9,9,True,1,1,True,1.0,1.0,4.0,True,True
659,13004,cocktail_party,10,40,8,8,True,2,2,True,1.0,1.8,4.0,True,True
660,13005,circulant,11,33,6,6,True,2,2,True,1.0,1.2727,4.0,True,True
661,13006,random_regular,13,39,6,6,True,3,3,True,1.0,1.6154,4.0,True,True
662,13007,erdos_renyi,11,39,5,9,True,2,2,True,1.0,1.8182,4.0,True,True
663,13008,hypercube,16,32,4,4,True,4,4,True,1.0,1.25,4.0,True,True
664,13009,paley,5,6,2,3,True,2,2,True,1.0,1.6,4.0,True,True
665,13010,complete,14,91,13,13,True,1,1,True,1.0,1.0,4.0,True,True
666,13011,cocktail_party,6,12,4,4,True,2,2,True,1.0,1.6667,4.0,True,True
667,13012,circulant,11,55,10,10,True,1,1,True,1.0,1.0,4.0,True,True
668,13013,random_regular,9,18,4,4,True,2,2,True,1.0,1.1111,4.0,True,True
669,13014,erdos_renyi,15,74,7,12,True,2,2,True,1.0,1.7333,4.0,True,True
670,13015,hypercube,8,12,3,3,True,2,2,True,1.0,1.0,4.0,True,True
671,13016,paley,13,40,6,7,True,3,3,True,1.0,1.8462,4.0,True,True
672,13017,complete,12,66,11,11,True,1,1,True,1.0,1.0,4.0,True,True
673,13018,cocktail_party,12,60,10,10,True,2,2,True,1.0,1.8333,4.0,True,True
674,13019,circulant,10,45,9,9,True,1,1,True,1.0,1.0,4.0,True,True
675,13020,random_regular,15,45,6,6,True,3,3,True,1.0,1.4,4.0,True,True
676,13021,erdos_renyi,13,63,7,11,True,2,2,True,1.0,1.8462,4.0,True,True
677,13022,hypercube,16,33,4,5,True,4,4,True,1.0,1.5,4.0,True,True
678,13023,paley,5,5,2,2,True,2,2,True,1.0,1.2,4.0,True,True
679,13024,complete,10,45,9,9,True,1,1,True,1.0,1.0,4.0,True,True
680,13025,cocktail_party,10,40,8,8,True,2,2,True,1.0,1.8,4.0,True,True
681,13026,circulant,10,30,6,6,True,2,2,True,1.0,1.4,4.0,True,True
682,13027,random_regular,12,36,6,6,True,2,2,True,1.0,1.1667,4.0,True,True
683,13028,erdos_renyi,12,32,2,8,True,2,2,True,1.0,1.5,4.0,True,True
684,13029,hypercube,16,33,4,5,True,4,4,True,1.0,1.5,4.0,True,True
685,13030,paley,13,40,6,7,True,3,3,True,1.0,1.8462,4.0,True,True
686,13031,complete,13,78,12,12,True,1,1,True,1.0,1.0,4.0,True,True
687,13032,cocktail_party,16,112,14,14,True,2,2,True,1.0,1.875,4.0,True,True
688,13033,circulant,12,48,8,8,True,2,2,True,1.0,1.5,4.0,True,True
689,13034,random_regular,15,30,4,4,True,4,4,True,1.0,1.3333,4.0,True,True
690,13035,erdos_renyi,12,26,2,8,True,3,3,True,1.0,2.25,4.0,True,True
691,13036,hypercube,8,14,3,4,True,2,2,True,1.0,1.25,4.0,True,True
692,13037,paley,13,39,6,6,True,3,3,True,1.0,1.6154,4.0,True,True
693,13038,complete,14,91,13,13,True,1,1,True,1.0,1.0,4.0,True,True
694,13039,cocktail_party,6,12,4,4,True,2,2,True,1.0,1.6667,4.0,True,True
695,13040,circulant,13,52,8,8,True,2,2,True,1.0,1.3846,4.0,True,True
696,13041,random_regular,14,35,5,5,True,3,3,True,1.0,1.2857,4.0,True,True
697,13042,erdos_renyi,13,54,6,11,True,2,2,True,1.0,1.8462,4.0,True,True
698,13043,hypercube,8,12,3,3,True,2,2,True,1.0,1.0,4.0,True,True
699,13044,paley,5,7,2,3,True,2,2,True,1.0,1.6,4.0,True,True
700,13045,complete,8,28,7,7,True,1,1,True,1.0,1.0,4.0,True,True
701,13046,cocktail_party,10,40,8,8,True,2,2,True,1.0,1.8,4.0,True,True
702,13047,circulant,8,16,4,4,True,2,2,True,1.0,1.25,4.0,True,True
703,13048,random_regular,11,22,4,4,True,3,3,True,1.0,1.3636,4.0,True,True
704,13049,erdos_renyi,15,54,3,10,True,2,2,True,1.0,1.4667,4.0,True,True
705,13050,hypercube,16,32,4,4,True,4,4,True,1.0,1.25,4.0,True,True
706,13051,paley,5,5,2,2,True,2,2,True,1.0,1.2,4.0,True,True
707,13052,complete,8,28,7,7,True,1,1,True,1.0,1.0,4.0,True,True
708,13053,cocktail_party,16,112,14,14,True,2,2,True,1.0,1.875,4.0,True,True
709,13054,circulant,16,120,15,15,True,1,1,True,1.0,1.0,4.0,True,True
710,13055,random_regular,12,30,5,5,True,2,2,True,1.0,1.0,4.0,True,True
711,13056,erdos_renyi,14,42,1,9,True,2,2,True,1.0,1.4286,4.0,True,True
712,13057,hypercube,8,12,3,3,True,2,2,True,1.0,1.0,4.0,True,True
713,13058,paley,5,6,2,3,True,2,2,True,1.0,1.6,4.0,True,True
714,13059,complete,10,45,9,9,True,1,1,True,1.0,1.0,4.0,True,True
715,13060,cocktail_party,10,40,8,8,True,2,2,True,1.0,1.8,4.0,True,True
716,13061,circulant,9,27,6,6,True,2,2,True,1.0,1.5556,4.0,True,True
717,13062,random_regular,8,16,4,4,True,2,2,True,1.0,1.25,4.0,True,True
718,13063,erdos_renyi,10,30,3,8,True,2,2,True,1.0,1.8,4.0,True,True
719,13064,hypercube,16,34,4,6,True,4,4,True,1.0,1.75,4.0,True,True
720,13065,paley,13,41,6,7,True,3,3,True,1.0,1.8462,4.0,True,True
721,13066,complete,10,45,9,9,True,1,1,True,1.0,1.0,4.0,True,True
722,13067,cocktail_party,14,84,12,12,True,2,2,True,1.0,1.8571,4.0,True,True
723,13068,circulant,9,36,8,8,True,1,1,True,1.0,1.0,4.0,True,True
724,13069,random_regular,10,20,4,4,True,2,2,True,1.0,1.0,4.0,True,True
725,13070,erdos_renyi,12,39,5,9,True,2,2,True,1.0,1.6667,4.0,True,True
726,13071,hypercube,8,13,3,4,True,2,2,True,1.0,1.25,4.0,True,True
727,13072,paley,5,6,2,3,True,2,2,True,1.0,1.6,4.0,True,True
728,13073,complete,15,105,14,14,True,1,1,True,1.0,1.0,4.0,True,True
729,13074,cocktail_party,6,12,4,4,True,2,2,True,1.0,1.6667,4.0,True,True
730,13075,circulant,16,80,10,10,True,2,2,True,1.0,1.375,4.0,True,True
731,13076,random_regular,11,22,4,4,True,3,3,True,1.0,1.3636,4.0,True,True
732,13077,erdos_renyi,13,53,4,12,True,1,1,True,1.0,1.0,4.0,True,True
733,13078,hypercube,8,13,3,4,True,2,2,True,1.0,1.25,4.0,True,True
734,13079,paley,5,5,2,2,True,2,2,True,1.0,1.2,4.0,True,True
735,13080,complete,9,36,8,8,True,1,1,True,1.0,1.0,4.0,True,True
736,13081,cocktail_party,8,24,6,6,True,2,2,True,1.0,1.75,4.0,True,True
737,13082,circulant,16,120,15,15,True,1,1,True,1.0,1.0,4.0,True,True
738,13083,random_regular,8,16,4,4,True,2,2,True,1.0,1.25,4.0,True,True
739,13084,erdos_renyi,16,78,7,13,True,2,2,True,1.0,1.75,4.0,True,True
740,13085,hypercube,16,33,4,5,True,4,4,True,1.0,1.5,4.0,True,True
741,13086,paley,13,39,6,6,True,3,3,True,1.0,1.6154,4.0,True,True
742,13087,complete,7,21,6,6,True,1,1,True,1.0,1.0,4.0,True,True
743,13088,cocktail_party,12,60,10,10,True,2,2,True,1.0,1.8333,4.0,True,True
744,13089,circulant,16,48,6,6,True,3,3,True,1.0,1.3125,4.0,True,True
745,13090,random_regular,13,26,4,4,True,3,3,True,1.0,1.1538,4.0,True,True
746,13091,erdos_renyi,16,61,4,12,True,3,3,True,1.0,2.4375,4.0,True,True
747,13092,hypercube,8,13,3,4,True,2,2,True,1.0,1.25,4.0,True,True
748,13093,paley,13,39,6,6,True,3,3,True,1.0,1.6154,4.0,True,True
749,13094,complete,11,55,10,10,True,1,1,True,1.0,1.0,4.0,True,True
750,13095,cocktail_party,10,40,8,8,True,2,2,True,1.0,1.8,4.0,True,True
751,13096,circulant,14,91,13,13,True,1,1,True,1.0,1.0,4.0,True,True
752,13097,random_regular,14,35,5,5,True,3,3,True,1.0,1.2857,4.0,True,True
753,13098,erdos_renyi,11,47,6,10,True,1,1,True,1.0,1.0,4.0,True,True
754,13099,hypercube,16,32,4,4,True,4,4,True,1.0,1.25,4.0,True,True
755,13100,paley,5,6,2,3,True,2,2,True,1.0,1.6,4.0,True,True
756,13101,complete,14,91,13,13,True,1,1,True,1.0,1.0,4.0,True,True
757,13102,cocktail_party,10,40,8,8,True,2,2,True,1.0,1.8,4.0,True,True
758,13103,circulant,14,84,12,12,True,2,2,True,1.0,1.8571,4.0,True,True
759,13104,random_regular,16,56,7,7,True,3,3,True,1.0,1.5,4.0,True,True
760,13105,erdos_renyi,10,20,1,6,True,2,2,True,1.0,1.4,4.0,True,True
761,13106,hypercube,8,12,3,3,True,2,2,True,1.0,1.0,4.0,True,True
762,13107,paley,5,5,2,2,True,2,2,True,1.0,1.2,4.0,True,True
763,13108,complete,15,105,14,14,True,1,1,True,1.0,1.0,4.0,True,True
764,13109,cocktail_party,14,84,12,12,True,2,2,True,1.0,1.8571,4.0,True,True
765,13110,circulant,10,40,8,8,True,2,2,True,1.0,1.8,4.0,True,True
766,13111,random_regular,10,20,4,4,True,2,2,True,1.0,1.0,4.0,True,True
767,13112,erdos_renyi,16,89,9,14,True,2,2,True,1.0,1.875,4.0,True,True
768,13113,hypercube,16,33,4,5,True,4,4,True,1.0,1.5,4.0,True,True
769,13114,paley,13,39,6,6,True,3,3,True,1.0,1.6154,4.0,True,True
770,13115,complete,9,36,8,8,True,1,1,True,1.0,1.0,4.0,True,True
771,13116,cocktail_party,6,12,4,4,True,2,2,True,1.0,1.6667,4.0,True,True
772,13117,circulant,8,28,7,7,True,1,1,True,1.0,1.0,4.0,True,True
773,13118,random_regular,13,26,4,4,True,3,3,True,1.0,1.1538,4.0,True,True
774,13119,erdos_renyi,12,53,7,10,True,2,2,True,1.0,1.8333,4.0,True,True
775,13120,hypercube,16,32,4,4,True,4,4,True,1.0,1.25,4.0,True,True
776,13121,paley,5,5,2,2,True,2,2,True,1.0,1.2,4.0,True,True
777,13122,complete,8,28,7,7,True,1,1,True,1.0,1.0,4.0,True,True
778,13123,cocktail_party,10,40,8,8,True,2,2,True,1.0,1.8,4.0,True,True
779,13124,circulant,8,28,7,7,True,1,1,True,1.0,1.0,4.0,True,True
780,13125,random_regular,14,42,6,6,True,3,3,True,1.0,1.5,4.0,True,True
781,13126,erdos_renyi,13,62,8,12,True,1,1,True,1.0,1.0,4.0,True,True
782,13127,hypercube,8,13,3,4,True,2,2,True,1.0,1.25,4.0,True,True
783,13128,paley,5,5,2,2,True,2,2,True,1.0,1.2,4.0,True,True
784,13129,complete,16,120,15,15,True,1,1,True,1.0,1.0,4.0,True,True
785,13130,cocktail_party,10,40,8,8,True,2,2,True,1.0,1.8,4.0,True,True
786,13131,circulant,16,32,4,4,True,4,4,True,1.0,1.25,4.0,True,True
787,13132,random_regular,10,25,5,5,True,2,2,True,1.0,1.2,4.0,True,True
788,13133,erdos_renyi,16,55,4,10,True,2,2,True,1.0,1.375,4.0,True,True
789,13134,hypercube,8,12,3,3,True,2,2,True,1.0,1.0,4.0,True,True
790,13135,paley,5,5,2,2,True,2,2,True,1.0,1.2,4.0,True,True
791,13136,complete,6,15,5,5,True,1,1,True,1.0,1.0,4.0,True,True
792,13137,cocktail_party,14,84,12,12,True,2,2,True,1.0,1.8571,4.0,True,True
793,13138,circulant,11,33,6,6,True,2,2,True,1.0,1.2727,4.0,True,True
794,13139,random_regular,8,16,4,4,True,2,2,True,1.0,1.25,4.0,True,True
795,13140,erdos_renyi,9,24,4,7,True,2,2,True,1.0,1.7778,4.0,True,True
796,13141,hypercube,16,34,4,5,True,4,4,True,1.0,1.5,4.0,True,True
797,13142,paley,13,40,6,7,True,3,3,True,1.0,1.8462,4.0,True,True
798,13143,complete,10,45,9,9,True,1,1,True,1.0,1.0,4.0,True,True
799,13144,cocktail_party,16,112,14,14,True,2,2,True,1.0,1.875,4.0,True,True
800,13145,circulant,13,26,4,4,True,3,3,True,1.0,1.1538,4.0,True,True
801,13146,random_regular,13,26,4,4,True,3,3,True,1.0,1.1538,4.0,True,True
802,13147,erdos_renyi,13,52,6,10,True,2,2,True,1.0,1.6923,4.0,True,True
803,13148,hypercube,16,33,4,5,True,4,4,True,1.0,1.5,4.0,True,True
804,13149,paley,13,40,6,7,True,3,3,True,1.0,1.8462,4.0,True,True
805,13150,complete,6,15,5,5,True,1,1,True,1.0,1.0,4.0,True,True
806,13151,cocktail_party,8,24,6,6,True,2,2,True,1.0,1.75,4.0,True,True
807,13152,circulant,13,39,6,6,True,2,2,True,1.0,1.0769,4.0,True,True
808,13153,random_regular,14,49,7,7,True,2,2,True,1.0,1.1429,4.0,True,True
809,13154,erdos_renyi,15,76,8,12,True,2,2,True,1.0,1.7333,4.0,True,True
810,13155,hypercube,8,13,3,4,True,2,2,True,1.0,1.25,4.0,True,True
811,13156,paley,13,39,6,6,True,3,3,True,1.0,1.6154,4.0,True,True
812,13157,complete,15,105,14,14,True,1,1,True,1.0,1.0,4.0,True,True
813,13158,cocktail_party,14,84,12,12,True,2,2,True,1.0,1.8571,4.0,True,True
814,13159,circulant,12,66,11,11,True,1,1,True,1.0,1.0,4.0,True,True
815,13160,random_regular,9,18,4,4,True,2,2,True,1.0,1.1111,4.0,True,True
816,13161,erdos_renyi,9,25,3,8,True,1,1,True,1.0,1.0,4.0,True,True
817,13162,hypercube,8,12,3,3,True,2,2,True,1.0,1.0,4.0,True,True
818,13163,paley,5,5,2,2,True,2,2,True,1.0,1.2,4.0,True,True
819,13164,complete,15,105,14,14,True,1,1,True,1.0,1.0,4.0,True,True
820,13165,cocktail_party,12,60,10,10,True,2,2,True,1.0,1.8333,4.0,True,True
821,13166,circulant,9,36,8,8,True,1,1,True,1.0,1.0,4.0,True,True
822,13167,random_regular,9,9,2,2,True,3,3,True,1.0,1.0,4.0,True,True
823,13168,erdos_renyi,8,17,2,6,True,2,2,True,1.0,1.75,4.0,True,True
824,13169,hypercube,8,13,3,4,True,2,2,True,1.0,1.25,4.0,True,True
825,13170,paley,5,5,2,2,True,2,2,True,1.0,1.2,4.0,True,True
826,13171,complete,13,78,12,12,True,1,1,True,1.0,1.0,4.0,True,True
827,13172,cocktail_party,12,60,10,10,True,2,2,True,1.0,1.8333,4.0,True,True
828,13173,circulant,9,27,6,6,True,2,2,True,1.0,1.5556,4.0,True,True
829,13174,random_regular,12,30,5,5,True,2,2,True,1.0,1.0,4.0,True,True
830,13175,erdos_renyi,12,43,3,9,True,2,2,True,1.0,1.6667,4.0,True,True
831,13176,hypercube,16,35,4,5,True,4,4,True,1.0,1.5,4.0,True,True
832,13177,paley,13,41,6,7,True,2,2,True,1.0,1.2308,4.0,True,True
833,13178,complete,11,55,10,10,True,1,1,True,1.0,1.0,4.0,True,True
834,13179,cocktail_party,12,60,10,10,True,2,2,True,1.0,1.8333,4.0,True,True
835,13180,circulant,12,48,8,8,True,2,2,True,1.0,1.5,4.0,True,True
836,13181,random_regular,14,28,4,4,True,3,3,True,1.0,1.0714,4.0,True,True
837,13182,erdos_renyi,8,18,2,7,True,1,1,True,1.0,1.0,4.0,True,True
838,13183,hypercube,16,32,4,4,True,4,4,True,1.0,1.25,4.0,True,True
839,13184,paley,13,39,6,6,True,3,3,True,1.0,1.6154,4.0,True,True
840,13185,complete,13,78,12,12,True,1,1,True,1.0,1.0,4.0,True,True
841,13186,cocktail_party,8,24,6,6,True,2,2,True,1.0,1.75,4.0,True,True
842,13187,circulant,11,22,4,4,True,3,3,True,1.0,1.3636,4.0,True,True
843,13188,random_regular,15,30,4,4,True,3,3,True,1.0,1.0,4.0,True,True
844,13189,erdos_renyi,13,33,2,8,True,3,3,True,1.0,2.0769,4.0,True,True
845,13190,hypercube,16,34,4,6,True,4,4,True,1.0,1.75,4.0,True,True
846,13191,paley,5,5,2,2,True,2,2,True,1.0,1.2,4.0,True,True
847,13192,complete,6,15,5,5,True,1,1,True,1.0,1.0,4.0,True,True
848,13193,cocktail_party,12,60,10,10,True,2,2,True,1.0,1.8333,4.0,True,True
849,13194,circulant,12,48,8,8,True,2,2,True,1.0,1.5,4.0,True,True
850,13195,random_regular,16,64,8,8,True,3,3,True,1.0,1.6875,4.0,True,True
851,13196,erdos_renyi,14,56,5,11,True,2,2,True,1.0,1.7143,4.0,True,True
852,13197,hypercube,8,12,3,3,True,2,2,True,1.0,1.0,4.0,True,True
853,13198,paley,13,39,6,6,True,3,3,True,1.0,1.6154,4.0,True,True
854,13199,complete,11,55,10,10,True,1,1,True,1.0,1.0,4.0,True,True
855,13200,cocktail_party,8,24,6,6,True,2,2,True,1.0,1.75,4.0,True,True
856,13201,circulant,9,27,6,6,True,2,2,True,1.0,1.5556,4.0,True,True
857,13202,random_regular,8,12,3,3,True,2,2,True,1.0,1.0,4.0,True,True
858,13203,erdos_renyi,12,45,5,9,True,2,2,True,1.0,1.6667,4.0,True,True
859,13204,hypercube,16,32,4,4,True,4,4,True,1.0,1.25,4.0,True,True
860,13205,paley,13,40,6,7,True,3,3,True,1.0,1.8462,4.0,True,True
861,13206,complete,13,78,12,12,True,1,1,True,1.0,1.0,4.0,True,True
862,13207,cocktail_party,12,60,10,10,True,2,2,True,1.0,1.8333,4.0,True,True
863,13208,circulant,10,20,4,4,True,2,2,True,1.0,1.0,4.0,True,True
864,13209,random_regular,8,12,3,3,True,3,3,True,1.0,1.5,4.0,True,True
865,13210,erdos_renyi,10,17,2,7,True,3,3,True,1.0,2.4,4.0,True,True
866,13211,hypercube,16,32,4,4,True,4,4,True,1.0,1.25,4.0,True,True
867,13212,paley,5,5,2,2,True,2,2,True,1.0,1.2,4.0,True,True
868,13213,complete,14,91,13,13,True,1,1,True,1.0,1.0,4.0,True,True
869,13214,cocktail_party,12,60,10,10,True,2,2,True,1.0,1.8333,4.0,True,True
870,13215,circulant,13,52,8,8,True,2,2,True,1.0,1.3846,4.0,True,True
871,13216,random_regular,8,12,3,3,True,2,2,True,1.0,1.0,4.0,True,True
872,13217,erdos_renyi,9,18,2,7,True,2,2,True,1.0,1.7778,4.0,True,True
873,13218,hypercube,16,33,4,5,True,4,4,True,1.0,1.5,4.0,True,True
874,13219,paley,13,40,6,7,True,3,3,True,1.0,1.8462,4.0,True,True
875,13220,complete,15,105,14,14,True,1,1,True,1.0,1.0,4.0,True,True
876,13221,cocktail_party,8,24,6,6,True,2,2,True,1.0,1.75,4.0,True,True
877,13222,circulant,14,56,8,8,True,2,2,True,1.0,1.2857,4.0,True,True
878,13223,random_regular,11,22,4,4,True,3,3,True,1.0,1.3636,4.0,True,True
879,13224,erdos_renyi,15,55,5,12,True,2,2,True,1.0,1.7333,4.0,True,True
880,13225,hypercube,16,33,4,5,True,4,4,True,1.0,1.5,4.0,True,True
881,13226,paley,5,5,2,2,True,2,2,True,1.0,1.2,4.0,True,True
882,13227,complete,14,91,13,13,True,1,1,True,1.0,1.0,4.0,True,True
883,13228,cocktail_party,6,12,4,4,True,2,2,True,1.0,1.6667,4.0,True,True
884,13229,circulant,8,24,6,6,True,2,2,True,1.0,1.75,4.0,True,True
885,13230,random_regular,16,56,7,7,True,3,3,True,1.0,1.5,4.0,True,True
886,13231,erdos_renyi,8,15,2,6,True,2,2,True,1.0,1.75,4.0,True,True
887,13232,hypercube,8,12,3,3,True,2,2,True,1.0,1.0,4.0,True,True
888,13233,paley,5,5,2,2,True,2,2,True,1.0,1.2,4.0,True,True
889,13234,complete,16,120,15,15,True,1,1,True,1.0,1.0,4.0,True,True
890,13235,cocktail_party,8,24,6,6,True,2,2,True,1.0,1.75,4.0,True,True
891,13236,circulant,10,20,4,4,True,2,2,True,1.0,1.0,4.0,True,True
892,13237,random_regular,13,39,6,6,True,2,2,True,1.0,1.0769,4.0,True,True
893,13238,erdos_renyi,13,51,5,10,True,2,2,True,1.0,1.6923,4.0,True,True
894,13239,hypercube,16,33,4,5,True,4,4,True,1.0,1.5,4.0,True,True
895,13240,paley,5,5,2,2,True,2,2,True,1.0,1.2,4.0,True,True
896,13241,complete,7,21,6,6,True,1,1,True,1.0,1.0,4.0,True,True
897,13242,cocktail_party,10,40,8,8,True,2,2,True,1.0,1.8,4.0,True,True
898,13243,circulant,16,112,14,14,True,2,2,True,1.0,1.875,4.0,True,True
899,13244,random_regular,13,26,4,4,True,3,3,True,1.0,1.1538,4.0,True,True
900,13245,erdos_renyi,11,28,3,9,True,2,2,True,1.0,1.8182,4.0,True,True
901,13246,hypercube,16,32,4,4,True,4,4,True,1.0,1.25,4.0,True,True
902,13247,paley,13,39,6,6,True,3,3,True,1.0,1.6154,4.0,True,True
903,13248,complete,7,21,6,6,True,1,1,True,1.0,1.0,4.0,True,True
904,13249,cocktail_party,10,40,8,8,True,2,2,True,1.0,1.8,4.0,True,True
905,13250,circulant,10,45,9,9,True,1,1,True,1.0,1.0,4.0,True,True
906,13251,random_regular,12,36,6,6,True,2,2,True,1.0,1.1667,4.0,True,True
907,13252,erdos_renyi,16,97,10,15,True,1,1,True,1.0,1.0,4.0,True,True
908,13253,hypercube,8,12,3,3,True,2,2,True,1.0,1.0,4.0,True,True
909,13254,paley,13,40,6,7,True,3,3,True,1.0,1.8462,4.0,True,True
910,13255,complete,11,55,10,10,True,1,1,True,1.0,1.0,4.0,True,True
911,13256,cocktail_party,14,84,12,12,True,2,2,True,1.0,1.8571,4.0,True,True
912,13257,circulant,8,24,6,6,True,2,2,True,1.0,1.75,4.0,True,True
913,13258,random_regular,10,25,5,5,True,2,2,True,1.0,1.2,4.0,True,True
914,13259,erdos_renyi,14,69,8,12,True,2,2,True,1.0,1.8571,4.0,True,True
915,13260,hypercube,16,32,4,4,True,4,4,True,1.0,1.25,4.0,True,True
916,13261,paley,5,5,2,2,True,2,2,True,1.0,1.2,4.0,True,True
917,13262,complete,8,28,7,7,True,1,1,True,1.0,1.0,4.0,True,True
918,13263,cocktail_party,14,84,12,12,True,2,2,True,1.0,1.8571,4.0,True,True
919,13264,circulant,8,24,6,6,True,2,2,True,1.0,1.75,4.0,True,True
920,13265,random_regular,16,48,6,6,True,3,3,True,1.0,1.3125,4.0,True,True
921,13266,erdos_renyi,15,82,9,13,True,2,2,True,1.0,1.8667,4.0,True,True
922,13267,hypercube,16,33,4,5,True,4,4,True,1.0,1.5,4.0,True,True
923,13268,paley,5,6,2,3,True,2,2,True,1.0,1.6,4.0,True,True
924,13269,complete,7,21,6,6,True,1,1,True,1.0,1.0,4.0,True,True
925,13270,cocktail_party,16,112,14,14,True,2,2,True,1.0,1.875,4.0,True,True
926,13271,circulant,14,70,10,10,True,2,2,True,1.0,1.5714,4.0,True,True
927,13272,random_regular,9,18,4,4,True,2,2,True,1.0,1.1111,4.0,True,True
928,13273,erdos_renyi,9,24,3,8,True,1,1,True,1.0,1.0,4.0,True,True
929,13274,hypercube,16,33,4,5,True,4,4,True,1.0,1.5,4.0,True,True
930,13275,paley,13,40,6,7,True,3,3,True,1.0,1.8462,4.0,True,True
931,13276,complete,9,36,8,8,True,1,1,True,1.0,1.0,4.0,True,True
932,13277,cocktail_party,6,12,4,4,True,2,2,True,1.0,1.6667,4.0,True,True
933,13278,circulant,8,24,6,6,True,2,2,True,1.0,1.75,4.0,True,True
934,13279,random_regular,14,49,7,7,True,2,2,True,1.0,1.1429,4.0,True,True
935,13280,erdos_renyi,12,51,7,11,True,1,1,True,1.0,1.0,4.0,True,True
936,13281,hypercube,16,32,4,4,True,4,4,True,1.0,1.25,4.0,True,True
937,13282,paley,13,39,6,6,True,3,3,True,1.0,1.6154,4.0,True,True
938,13283,complete,13,78,12,12,True,1,1,True,1.0,1.0,4.0,True,True
939,13284,cocktail_party,14,84,12,12,True,2,2,True,1.0,1.8571,4.0,True,True
940,13285,circulant,15,105,14,14,True,1,1,True,1.0,1.0,4.0,True,True
941,13286,random_regular,12,24,4,4,True,3,3,True,1.0,1.25,4.0,True,True
942,13287,erdos_renyi,15,62,6,10,True,2,2,True,1.0,1.4667,4.0,True,True
943,13288,hypercube,8,12,3,3,True,2,2,True,1.0,1.0,4.0,True,True
944,13289,paley,5,6,2,3,True,2,2,True,1.0,1.6,4.0,True,True
945,13290,complete,13,78,12,12,True,1,1,True,1.0,1.0,4.0,True,True
946,13291,cocktail_party,8,24,6,6,True,2,2,True,1.0,1.75,4.0,True,True
947,13292,circulant,16,96,12,12,True,2,2,True,1.0,1.625,4.0,True,True
948,13293,random_regular,9,9,2,2,True,3,3,True,1.0,1.0,4.0,True,True
949,13294,erdos_renyi,9,19,2,7,True,2,2,True,1.0,1.7778,4.0,True,True
950,13295,hypercube,8,13,3,4,True,2,2,True,1.0,1.25,4.0,True,True
951,13296,paley,5,5,2,2,True,2,2,True,1.0,1.2,4.0,True,True
952,13297,complete,15,105,14,14,True,1,1,True,1.0,1.0,4.0,True,True
953,13298,cocktail_party,8,24,6,6,True,2,2,True,1.0,1.75,4.0,True,True
954,13299,circulant,12,36,6,6,True,2,2,True,1.0,1.1667,4.0,True,True
955,13300,random_regular,8,12,3,3,True,3,3,True,1.0,1.5,4.0,True,True
956,13301,erdos_renyi,15,65,5,11,True,2,2,True,1.0,1.6,4.0,True,True
957,13302,hypercube,16,32,4,4,True,4,4,True,1.0,1.25,4.0,True,True
958,13303,paley,13,39,6,6,True,3,3,True,1.0,1.6154,4.0,True,True
959,13304,complete,13,78,12,12,True,1,1,True,1.0,1.0,4.0,True,True
960,13305,cocktail_party,8,24,6,6,True,2,2,True,1.0,1.75,4.0,True,True
961,13306,circulant,14,91,13,13,True,1,1,True,1.0,1.0,4.0,True,True
962,13307,random_regular,13,39,6,6,True,2,2,True,1.0,1.0769,4.0,True,True
963,13308,erdos_renyi,10,19,2,6,True,2,2,True,1.0,1.4,4.0,True,True
964,13309,hypercube,16,33,4,5,True,4,4,True,1.0,1.5,4.0,True,True
965,13310,paley,13,40,6,7,True,3,3,True,1.0,1.8462,4.0,True,True
966,13311,complete,8,28,7,7,True,1,1,True,1.0,1.0,4.0,True,True
967,13312,cocktail_party,8,24,6,6,True,2,2,True,1.0,1.75,4.0,True,True
968,13313,circulant,13,65,10,10,True,2,2,True,1.0,1.6923,4.0,True,True
969,13314,random_regular,11,22,4,4,True,3,3,True,1.0,1.3636,4.0,True,True
970,13315,erdos_renyi,16,63,4,12,True,2,2,True,1.0,1.625,4.0,True,True
971,13316,hypercube,8,13,3,4,True,2,2,True,1.0,1.25,4.0,True,True
972,13317,paley,5,5,2,2,True,2,2,True,1.0,1.2,4.0,True,True
973,13318,complete,10,45,9,9,True,1,1,True,1.0,1.0,4.0,True,True
974,13319,cocktail_party,8,24,6,6,True,2,2,True,1.0,1.75,4.0,True,True
975,13320,circulant,14,91,13,13,True,1,1,True,1.0,1.0,4.0,True,True
976,13321,random_regular,12,30,5,5,True,3,3,True,1.0,1.5,4.0,True,True
977,13322,erdos_renyi,13,48,4,9,True,2,2,True,1.0,1.5385,4.0,True,True
978,13323,hypercube,16,32,4,4,True,4,4,True,1.0,1.25,4.0,True,True
979,13324,paley,5,5,2,2,True,2,2,True,1.0,1.2,4.0,True,True
980,13325,complete,6,15,5,5,True,1,1,True,1.0,1.0,4.0,True,True
981,13326,cocktail_party,6,12,4,4,True,2,2,True,1.0,1.6667,4.0,True,True
982,13327,circulant,13,78,12,12,True,1,1,True,1.0,1.0,4.0,True,True
983,13328,random_regular,8,16,4,4,True,2,2,True,1.0,1.25,4.0,True,True
984,13329,erdos_renyi,15,59,4,11,True,2,2,True,1.0,1.6,4.0,True,True
985,13330,hypercube,16,34,4,5,True,4,4,True,1.0,1.5,4.0,True,True
986,13331,paley,5,6,2,3,True,2,2,True,1.0,1.6,4.0,True,True
987,13332,complete,13,78,12,12,True,1,1,True,1.0,1.0,4.0,True,True
988,13333,cocktail_party,6,12,4,4,True,2,2,True,1.0,1.6667,4.0,True,True
989,13334,circulant,15,30,4,4,True,3,3,True,1.0,1.0,4.0,True,True
990,13335,random_regular,10,20,4,4,True,2,2,True,1.0,1.0,4.0,True,True
991,13336,erdos_renyi,13,35,2,10,True,2,2,True,1.0,1.6923,4.0,True,True
992,13337,hypercube,16,33,4,5,True,4,4,True,1.0,1.5,4.0,True,True
993,13338,paley,5,5,2,2,True,2,2,True,1.0,1.2,4.0,True,True
994,13339,complete,7,21,6,6,True,1,1,True,1.0,1.0,4.0,True,True
995,13340,cocktail_party,12,60,10,10,True,2,2,True,1.0,1.8333,4.0,True,True
996,13341,circulant,9,27,6,6,True,2,2,True,1.0,1.5556,4.0,True,True
997,13342,random_regular,16,64,8,8,True,3,3,True,1.0,1.6875,4.0,True,True
998,13343,erdos_renyi,13,39,2,8,True,2,2,True,1.0,1.3846,4.0,True,True
999,13344,hypercube,16,35,4,5,True,4,4,True,1.0,1.5,4.0,True,True
